Maker,Category,Registrations,Year
ADITYA AGRO INDUSTRIES,4WIC,0,2021
AHMED MOTORS,4WIC,0,2021
AJAY ENTERPRISES,4WIC,0,2021
ASHOK LEYLAND LTD,4WIC,0,2021
ASTON MARTIN LAGONDA LTD,4WIC,0,2021
ASTON MARTIN LAGONDA PVT LTD,4WIC,0,2021
AUDI AG,4WIC,0,2021
AUTOMOBILI LAMBORGHINI S.P.A,4WIC,0,2021
BAJAJ AUTO LTD,4WIC,2,2021
BAJAJ IMPLEMENTS PVT LTD,4WIC,0,2021
BENTLEY MOTORS LIMITED,4WIC,0,2021
BMW INDIA PVT LTD,4WIC,2,2021
CHEVROLET SALES INDIA PVT LTD,4WIC,0,2021
CLASSIC LEGENDS PVT LTD,4WIC,0,2021
DAIMLER AG,4WIC,0,2021
DAIMLER INDIA COMMERCIAL VEHICLES PVT. LTD,4WIC,0,2021
DHANNLAXMI AUTOWORKS,4WIC,0,2021
DODGE MOTORS,4WIC,0,2021
DUCATI INDIA PVT LTD,4WIC,0,2021
ESCORTS KUBOTA LIMITED (AGRI MACHINERY GROUP),4WIC,0,2021
FCA INDIA AUTOMOBILES PRIVATE LIMITED,4WIC,3,2021
FERRARI INDIA PRIVATE LIMITED,4WIC,0,2021
FERRARI SPA,4WIC,0,2021
FONEX LTD,4WIC,0,2021
FORCE MOTORS LIMITED,4WIC,0,2021
FORD INDIA PVT LTD,4WIC,16,2021
GENERAL MOTORS INDIA PVT LTD,4WIC,0,2021
HERO HONDA MOTORS  LTD,4WIC,0,2021
HERO MOTOCORP LTD,4WIC,0,2021
HINDUSTAN MOTOR CORPORATION,4WIC,0,2021
HINDUSTAN MOTOR FINANCE CORPORATION LIMITED,4WIC,0,2021
HONDA CARS INDIA LTD,4WIC,79,2021
HONDA MOTORCYCLE AND SCOOTER INDIA (P) LTD,4WIC,4,2021
HONGHUA INTER CO LTD,4WIC,0,2021
HYUNDAI MOTOR INDIA LTD,4WIC,381,2021
"HYUNDAI MOTORS LTD, SOUTH KOREA",4WIC,0,2021
INDIA YAMAHA MOTOR PVT LTD,4WIC,0,2021
ISUZU MOTORS INDIA PVT LTD,4WIC,0,2021
JAGRUTI MOTORS LTD.,4WIC,0,2021
JAGUAR LAND ROVER INDIA LIMITED,4WIC,0,2021
JANTA SUPER TRAILOR,4WIC,0,2021
JAYEM AUTOMOTIVES PVT LTD,4WIC,0,2021
JCB INDIA LIMITED,4WIC,0,2021
JSW MG MOTOR INDIA PVT LTD,4WIC,16,2021
KIA INDIA PRIVATE LIMITED,4WIC,144,2021
KIA MOTORS CORPN,4WIC,0,2021
KINETIC MOTOR COMPANY LIMITED,4WIC,0,2021
LAMBORGHINI,4WIC,0,2021
MAHESH ENGINEERING WORKS,4WIC,0,2021
MAHINDRA DEFENCE SYSTEMS LTD,4WIC,0,2021
MAHINDRA ELECTRIC MOBILITY LIMITED,4WIC,0,2021
MAHINDRA & MAHINDRA LIMITED,4WIC,54,2021
MAHINDRA & MAHINDRA LIMITED (TRACTOR),4WIC,0,2021
MAHINDRA VEHICLE MANUFACTURER LIMITED,4WIC,0,2021
MAIT S.P.A,4WIC,0,2021
MARUTI INDUSTRIES,4WIC,0,2021
MARUTI SUZUKI INDIA LTD,4WIC,"1,006",2021
MARUTI UDYOG LTD,4WIC,0,2021
MASERATI S.P.A,4WIC,0,2021
MCLAREN AUTOMOTIVE (IMPORTER: INFINITY CARS),4WIC,0,2021
MERCEDES -BENZ AG,4WIC,0,2021
MERCEDES-BENZ INDIA PVT LTD,4WIC,2,2021
MERCURY COUGAR,4WIC,0,2021
MG CAR COMPANY LIMITED,4WIC,0,2021
MITHU BAJRANG ENG.WORKS,4WIC,0,2021
MITSUBISHI MOTORS CORPORATION,4WIC,0,2021
MORRIS MOTORS LTD,4WIC,0,2021
NIRMAL BROTHER,4WIC,0,2021
NISSAN MOTOR INDIA PVT LTD,4WIC,15,2021
NORTON,4WIC,0,2021
OTHERS,4WIC,15,2021
PCA AUTOMOBILES INDIA PVT LTD,4WIC,0,2021
PIAGGIO VEHICLES PVT LTD,4WIC,0,2021
PORSCHE AG,4WIC,0,2021
PORSCHE AG GERMANY,4WIC,0,2021
RELIANT ANDERSON INTL,4WIC,0,2021
RENAULT INDIA PVT LTD,4WIC,105,2021
ROLLS ROYCE,4WIC,0,2021
ROLLS ROYCE MOTOR (IMPORTER: KUN MOTOR),4WIC,0,2021
ROYAL-ENFIELD (UNIT OF EICHER LTD),4WIC,0,2021
SANSAR INDUSTRIES,4WIC,0,2021
SKODA AUTO AS,4WIC,0,2021
SKODA AUTO INDIA PVT LTD,4WIC,0,2021
SKODA AUTO VOLKSWAGEN INDIA PVT LTD,4WIC,13,2021
SML ISUZU LTD,4WIC,0,2021
SMV,4WIC,0,2021
SUNGLOW FAB LLP,4WIC,0,2021
TATA MOTORS LTD,4WIC,280,2021
TATA MOTORS PASSENGER VEHICLES LTD,4WIC,0,2021
TELCO LTD,4WIC,0,2021
TELSA INC,4WIC,0,2021
TOYOTA KIRLOSKAR MOTOR PVT LTD,4WIC,26,2021
TOYOTA MATERIAL HANDLING INDIA PVT LTD,4WIC,0,2021
TVS MOTOR COMPANY LTD,4WIC,11,2021
VARANI RAJ ESTATE MANAGEMENT,4WIC,0,2021
VE COMMERCIAL VEHICLES LTD,4WIC,0,2021
VINTAGE VEHICLES,4WIC,0,2021
VOLKSWAGEN AG,4WIC,0,2021
VOLKSWAGEN INDIA PVT LTD,4WIC,0,2021
VOLTAS LIMITED,4WIC,0,2021
VOLVO AUTO INDIA PVT LTD,4WIC,0,2021
WILLYS INDIA LTD,4WIC,0,2021
ADITYA AGRO INDUSTRIES,LMV,2,2021
AHMED MOTORS,LMV,1,2021
AJAY ENTERPRISES,LMV,1,2021
ASHOK LEYLAND LTD,LMV,0,2021
ASTON MARTIN LAGONDA LTD,LMV,4,2021
ASTON MARTIN LAGONDA PVT LTD,LMV,4,2021
AUDI AG,LMV,"1,026",2021
AUTOMOBILI LAMBORGHINI S.P.A,LMV,48,2021
BAJAJ AUTO LTD,LMV,104,2021
BAJAJ IMPLEMENTS PVT LTD,LMV,1,2021
BENTLEY MOTORS LIMITED,LMV,28,2021
BMW INDIA PVT LTD,LMV,"8,191",2021
CHEVROLET SALES INDIA PVT LTD,LMV,1,2021
CLASSIC LEGENDS PVT LTD,LMV,1,2021
DAIMLER AG,LMV,127,2021
DAIMLER INDIA COMMERCIAL VEHICLES PVT. LTD,LMV,3,2021
DHANNLAXMI AUTOWORKS,LMV,1,2021
DODGE MOTORS,LMV,1,2021
DUCATI INDIA PVT LTD,LMV,1,2021
ESCORTS KUBOTA LIMITED (AGRI MACHINERY GROUP),LMV,1,2021
FCA INDIA AUTOMOBILES PRIVATE LIMITED,LMV,"10,125",2021
FERRARI INDIA PRIVATE LIMITED,LMV,19,2021
FERRARI SPA,LMV,12,2021
FONEX LTD,LMV,2,2021
FORCE MOTORS LIMITED,LMV,"1,061",2021
FORD INDIA PVT LTD,LMV,"34,469",2021
GENERAL MOTORS INDIA PVT LTD,LMV,11,2021
HERO HONDA MOTORS  LTD,LMV,35,2021
HERO MOTOCORP LTD,LMV,10,2021
HINDUSTAN MOTOR CORPORATION,LMV,19,2021
HINDUSTAN MOTOR FINANCE CORPORATION LIMITED,LMV,11,2021
HONDA CARS INDIA LTD,LMV,"86,903",2021
HONDA MOTORCYCLE AND SCOOTER INDIA (P) LTD,LMV,9,2021
HONGHUA INTER CO LTD,LMV,1,2021
HYUNDAI MOTOR INDIA LTD,LMV,"5,10,772",2021
"HYUNDAI MOTORS LTD, SOUTH KOREA",LMV,37,2021
INDIA YAMAHA MOTOR PVT LTD,LMV,40,2021
ISUZU MOTORS INDIA PVT LTD,LMV,539,2021
JAGRUTI MOTORS LTD.,LMV,1,2021
JAGUAR LAND ROVER INDIA LIMITED,LMV,"2,259",2021
JANTA SUPER TRAILOR,LMV,1,2021
JAYEM AUTOMOTIVES PVT LTD,LMV,29,2021
JCB INDIA LIMITED,LMV,1,2021
JSW MG MOTOR INDIA PVT LTD,LMV,"38,038",2021
KIA INDIA PRIVATE LIMITED,LMV,"1,66,815",2021
KIA MOTORS CORPN,LMV,7,2021
KINETIC MOTOR COMPANY LIMITED,LMV,1,2021
LAMBORGHINI,LMV,8,2021
MAHESH ENGINEERING WORKS,LMV,3,2021
MAHINDRA DEFENCE SYSTEMS LTD,LMV,4,2021
MAHINDRA ELECTRIC MOBILITY LIMITED,LMV,5,2021
MAHINDRA & MAHINDRA LIMITED,LMV,"1,74,737",2021
MAHINDRA & MAHINDRA LIMITED (TRACTOR),LMV,1,2021
MAHINDRA VEHICLE MANUFACTURER LIMITED,LMV,1,2021
MAIT S.P.A,LMV,2,2021
MARUTI INDUSTRIES,LMV,2,2021
MARUTI SUZUKI INDIA LTD,LMV,"12,84,556",2021
MARUTI UDYOG LTD,LMV,634,2021
MASERATI S.P.A,LMV,23,2021
MCLAREN AUTOMOTIVE (IMPORTER: INFINITY CARS),LMV,4,2021
MERCEDES -BENZ AG,LMV,464,2021
MERCEDES-BENZ INDIA PVT LTD,LMV,"9,593",2021
MERCURY COUGAR,LMV,2,2021
MG CAR COMPANY LIMITED,LMV,2,2021
MITHU BAJRANG ENG.WORKS,LMV,13,2021
MITSUBISHI MOTORS CORPORATION,LMV,27,2021
MORRIS MOTORS LTD,LMV,1,2021
NIRMAL BROTHER,LMV,2,2021
NISSAN MOTOR INDIA PVT LTD,LMV,"35,048",2021
NORTON,LMV,1,2021
OTHERS,LMV,"26,960",2021
PCA AUTOMOBILES INDIA PVT LTD,LMV,423,2021
PIAGGIO VEHICLES PVT LTD,LMV,4,2021
PORSCHE AG,LMV,2,2021
PORSCHE AG GERMANY,LMV,387,2021
RELIANT ANDERSON INTL,LMV,2,2021
RENAULT INDIA PVT LTD,LMV,"93,843",2021
ROLLS ROYCE,LMV,22,2021
ROLLS ROYCE MOTOR (IMPORTER: KUN MOTOR),LMV,2,2021
ROYAL-ENFIELD (UNIT OF EICHER LTD),LMV,4,2021
SANSAR INDUSTRIES,LMV,1,2021
SKODA AUTO AS,LMV,96,2021
SKODA AUTO INDIA PVT LTD,LMV,523,2021
SKODA AUTO VOLKSWAGEN INDIA PVT LTD,LMV,"39,309",2021
SML ISUZU LTD,LMV,10,2021
SMV,LMV,240,2021
SUNGLOW FAB LLP,LMV,1,2021
TATA MOTORS LTD,LMV,"2,98,576",2021
TATA MOTORS PASSENGER VEHICLES LTD,LMV,4,2021
TELCO LTD,LMV,2,2021
TELSA INC,LMV,1,2021
TOYOTA KIRLOSKAR MOTOR PVT LTD,LMV,"1,14,540",2021
TOYOTA MATERIAL HANDLING INDIA PVT LTD,LMV,1,2021
TVS MOTOR COMPANY LTD,LMV,107,2021
VARANI RAJ ESTATE MANAGEMENT,LMV,1,2021
VE COMMERCIAL VEHICLES LTD,LMV,3,2021
VINTAGE VEHICLES,LMV,136,2021
VOLKSWAGEN AG,LMV,"1,385",2021
VOLKSWAGEN INDIA PVT LTD,LMV,355,2021
VOLTAS LIMITED,LMV,1,2021
VOLVO AUTO INDIA PVT LTD,LMV,"1,342",2021
WILLYS INDIA LTD,LMV,3,2021
ADITYA AGRO INDUSTRIES,MMV,0,2021
AHMED MOTORS,MMV,0,2021
AJAY ENTERPRISES,MMV,0,2021
ASHOK LEYLAND LTD,MMV,0,2021
ASTON MARTIN LAGONDA LTD,MMV,0,2021
ASTON MARTIN LAGONDA PVT LTD,MMV,0,2021
AUDI AG,MMV,0,2021
AUTOMOBILI LAMBORGHINI S.P.A,MMV,0,2021
BAJAJ AUTO LTD,MMV,1,2021
BAJAJ IMPLEMENTS PVT LTD,MMV,0,2021
BENTLEY MOTORS LIMITED,MMV,0,2021
BMW INDIA PVT LTD,MMV,0,2021
CHEVROLET SALES INDIA PVT LTD,MMV,0,2021
CLASSIC LEGENDS PVT LTD,MMV,0,2021
DAIMLER AG,MMV,0,2021
DAIMLER INDIA COMMERCIAL VEHICLES PVT. LTD,MMV,0,2021
DHANNLAXMI AUTOWORKS,MMV,0,2021
DODGE MOTORS,MMV,0,2021
DUCATI INDIA PVT LTD,MMV,0,2021
ESCORTS KUBOTA LIMITED (AGRI MACHINERY GROUP),MMV,0,2021
FCA INDIA AUTOMOBILES PRIVATE LIMITED,MMV,0,2021
FERRARI INDIA PRIVATE LIMITED,MMV,0,2021
FERRARI SPA,MMV,0,2021
FONEX LTD,MMV,0,2021
FORCE MOTORS LIMITED,MMV,3,2021
FORD INDIA PVT LTD,MMV,0,2021
GENERAL MOTORS INDIA PVT LTD,MMV,0,2021
HERO HONDA MOTORS  LTD,MMV,0,2021
HERO MOTOCORP LTD,MMV,0,2021
HINDUSTAN MOTOR CORPORATION,MMV,0,2021
HINDUSTAN MOTOR FINANCE CORPORATION LIMITED,MMV,0,2021
HONDA CARS INDIA LTD,MMV,0,2021
HONDA MOTORCYCLE AND SCOOTER INDIA (P) LTD,MMV,0,2021
HONGHUA INTER CO LTD,MMV,0,2021
HYUNDAI MOTOR INDIA LTD,MMV,2,2021
"HYUNDAI MOTORS LTD, SOUTH KOREA",MMV,0,2021
INDIA YAMAHA MOTOR PVT LTD,MMV,1,2021
ISUZU MOTORS INDIA PVT LTD,MMV,0,2021
JAGRUTI MOTORS LTD.,MMV,0,2021
JAGUAR LAND ROVER INDIA LIMITED,MMV,0,2021
JANTA SUPER TRAILOR,MMV,0,2021
JAYEM AUTOMOTIVES PVT LTD,MMV,0,2021
JCB INDIA LIMITED,MMV,0,2021
JSW MG MOTOR INDIA PVT LTD,MMV,0,2021
KIA INDIA PRIVATE LIMITED,MMV,0,2021
KIA MOTORS CORPN,MMV,0,2021
KINETIC MOTOR COMPANY LIMITED,MMV,0,2021
LAMBORGHINI,MMV,0,2021
MAHESH ENGINEERING WORKS,MMV,0,2021
MAHINDRA DEFENCE SYSTEMS LTD,MMV,0,2021
MAHINDRA ELECTRIC MOBILITY LIMITED,MMV,0,2021
MAHINDRA & MAHINDRA LIMITED,MMV,3,2021
MAHINDRA & MAHINDRA LIMITED (TRACTOR),MMV,0,2021
MAHINDRA VEHICLE MANUFACTURER LIMITED,MMV,0,2021
MAIT S.P.A,MMV,0,2021
MARUTI INDUSTRIES,MMV,0,2021
MARUTI SUZUKI INDIA LTD,MMV,0,2021
MARUTI UDYOG LTD,MMV,0,2021
MASERATI S.P.A,MMV,0,2021
MCLAREN AUTOMOTIVE (IMPORTER: INFINITY CARS),MMV,0,2021
MERCEDES -BENZ AG,MMV,0,2021
MERCEDES-BENZ INDIA PVT LTD,MMV,0,2021
MERCURY COUGAR,MMV,0,2021
MG CAR COMPANY LIMITED,MMV,0,2021
MITHU BAJRANG ENG.WORKS,MMV,0,2021
MITSUBISHI MOTORS CORPORATION,MMV,0,2021
MORRIS MOTORS LTD,MMV,0,2021
NIRMAL BROTHER,MMV,0,2021
NISSAN MOTOR INDIA PVT LTD,MMV,0,2021
NORTON,MMV,0,2021
OTHERS,MMV,0,2021
PCA AUTOMOBILES INDIA PVT LTD,MMV,0,2021
PIAGGIO VEHICLES PVT LTD,MMV,0,2021
PORSCHE AG,MMV,0,2021
PORSCHE AG GERMANY,MMV,0,2021
RELIANT ANDERSON INTL,MMV,0,2021
RENAULT INDIA PVT LTD,MMV,0,2021
ROLLS ROYCE,MMV,0,2021
ROLLS ROYCE MOTOR (IMPORTER: KUN MOTOR),MMV,0,2021
ROYAL-ENFIELD (UNIT OF EICHER LTD),MMV,0,2021
SANSAR INDUSTRIES,MMV,0,2021
SKODA AUTO AS,MMV,0,2021
SKODA AUTO INDIA PVT LTD,MMV,0,2021
SKODA AUTO VOLKSWAGEN INDIA PVT LTD,MMV,0,2021
SML ISUZU LTD,MMV,2,2021
SMV,MMV,0,2021
SUNGLOW FAB LLP,MMV,0,2021
TATA MOTORS LTD,MMV,44,2021
TATA MOTORS PASSENGER VEHICLES LTD,MMV,0,2021
TELCO LTD,MMV,0,2021
TELSA INC,MMV,0,2021
TOYOTA KIRLOSKAR MOTOR PVT LTD,MMV,0,2021
TOYOTA MATERIAL HANDLING INDIA PVT LTD,MMV,0,2021
TVS MOTOR COMPANY LTD,MMV,0,2021
VARANI RAJ ESTATE MANAGEMENT,MMV,0,2021
VE COMMERCIAL VEHICLES LTD,MMV,6,2021
VINTAGE VEHICLES,MMV,0,2021
VOLKSWAGEN AG,MMV,0,2021
VOLKSWAGEN INDIA PVT LTD,MMV,0,2021
VOLTAS LIMITED,MMV,0,2021
VOLVO AUTO INDIA PVT LTD,MMV,0,2021
WILLYS INDIA LTD,MMV,0,2021
ADITYA AGRO INDUSTRIES,HMV,0,2021
AHMED MOTORS,HMV,0,2021
AJAY ENTERPRISES,HMV,0,2021
ASHOK LEYLAND LTD,HMV,3,2021
ASTON MARTIN LAGONDA LTD,HMV,0,2021
ASTON MARTIN LAGONDA PVT LTD,HMV,0,2021
AUDI AG,HMV,0,2021
AUTOMOBILI LAMBORGHINI S.P.A,HMV,0,2021
BAJAJ AUTO LTD,HMV,0,2021
BAJAJ IMPLEMENTS PVT LTD,HMV,0,2021
BENTLEY MOTORS LIMITED,HMV,0,2021
BMW INDIA PVT LTD,HMV,0,2021
CHEVROLET SALES INDIA PVT LTD,HMV,0,2021
CLASSIC LEGENDS PVT LTD,HMV,0,2021
DAIMLER AG,HMV,0,2021
DAIMLER INDIA COMMERCIAL VEHICLES PVT. LTD,HMV,0,2021
DHANNLAXMI AUTOWORKS,HMV,0,2021
DODGE MOTORS,HMV,0,2021
DUCATI INDIA PVT LTD,HMV,0,2021
ESCORTS KUBOTA LIMITED (AGRI MACHINERY GROUP),HMV,0,2021
FCA INDIA AUTOMOBILES PRIVATE LIMITED,HMV,0,2021
FERRARI INDIA PRIVATE LIMITED,HMV,0,2021
FERRARI SPA,HMV,0,2021
FONEX LTD,HMV,0,2021
FORCE MOTORS LIMITED,HMV,0,2021
FORD INDIA PVT LTD,HMV,0,2021
GENERAL MOTORS INDIA PVT LTD,HMV,0,2021
HERO HONDA MOTORS  LTD,HMV,0,2021
HERO MOTOCORP LTD,HMV,0,2021
HINDUSTAN MOTOR CORPORATION,HMV,0,2021
HINDUSTAN MOTOR FINANCE CORPORATION LIMITED,HMV,0,2021
HONDA CARS INDIA LTD,HMV,0,2021
HONDA MOTORCYCLE AND SCOOTER INDIA (P) LTD,HMV,0,2021
HONGHUA INTER CO LTD,HMV,0,2021
HYUNDAI MOTOR INDIA LTD,HMV,0,2021
"HYUNDAI MOTORS LTD, SOUTH KOREA",HMV,0,2021
INDIA YAMAHA MOTOR PVT LTD,HMV,0,2021
ISUZU MOTORS INDIA PVT LTD,HMV,0,2021
JAGRUTI MOTORS LTD.,HMV,0,2021
JAGUAR LAND ROVER INDIA LIMITED,HMV,0,2021
JANTA SUPER TRAILOR,HMV,0,2021
JAYEM AUTOMOTIVES PVT LTD,HMV,0,2021
JCB INDIA LIMITED,HMV,0,2021
JSW MG MOTOR INDIA PVT LTD,HMV,0,2021
KIA INDIA PRIVATE LIMITED,HMV,0,2021
KIA MOTORS CORPN,HMV,0,2021
KINETIC MOTOR COMPANY LIMITED,HMV,0,2021
LAMBORGHINI,HMV,0,2021
MAHESH ENGINEERING WORKS,HMV,0,2021
MAHINDRA DEFENCE SYSTEMS LTD,HMV,0,2021
MAHINDRA ELECTRIC MOBILITY LIMITED,HMV,0,2021
MAHINDRA & MAHINDRA LIMITED,HMV,3,2021
MAHINDRA & MAHINDRA LIMITED (TRACTOR),HMV,0,2021
MAHINDRA VEHICLE MANUFACTURER LIMITED,HMV,0,2021
MAIT S.P.A,HMV,0,2021
MARUTI INDUSTRIES,HMV,0,2021
MARUTI SUZUKI INDIA LTD,HMV,0,2021
MARUTI UDYOG LTD,HMV,0,2021
MASERATI S.P.A,HMV,0,2021
MCLAREN AUTOMOTIVE (IMPORTER: INFINITY CARS),HMV,0,2021
MERCEDES -BENZ AG,HMV,0,2021
MERCEDES-BENZ INDIA PVT LTD,HMV,0,2021
MERCURY COUGAR,HMV,0,2021
MG CAR COMPANY LIMITED,HMV,0,2021
MITHU BAJRANG ENG.WORKS,HMV,0,2021
MITSUBISHI MOTORS CORPORATION,HMV,0,2021
MORRIS MOTORS LTD,HMV,0,2021
NIRMAL BROTHER,HMV,0,2021
NISSAN MOTOR INDIA PVT LTD,HMV,0,2021
NORTON,HMV,0,2021
OTHERS,HMV,0,2021
PCA AUTOMOBILES INDIA PVT LTD,HMV,0,2021
PIAGGIO VEHICLES PVT LTD,HMV,0,2021
PORSCHE AG,HMV,0,2021
PORSCHE AG GERMANY,HMV,0,2021
RELIANT ANDERSON INTL,HMV,0,2021
RENAULT INDIA PVT LTD,HMV,0,2021
ROLLS ROYCE,HMV,0,2021
ROLLS ROYCE MOTOR (IMPORTER: KUN MOTOR),HMV,0,2021
ROYAL-ENFIELD (UNIT OF EICHER LTD),HMV,0,2021
SANSAR INDUSTRIES,HMV,0,2021
SKODA AUTO AS,HMV,0,2021
SKODA AUTO INDIA PVT LTD,HMV,0,2021
SKODA AUTO VOLKSWAGEN INDIA PVT LTD,HMV,0,2021
SML ISUZU LTD,HMV,0,2021
SMV,HMV,0,2021
SUNGLOW FAB LLP,HMV,0,2021
TATA MOTORS LTD,HMV,25,2021
TATA MOTORS PASSENGER VEHICLES LTD,HMV,0,2021
TELCO LTD,HMV,0,2021
TELSA INC,HMV,0,2021
TOYOTA KIRLOSKAR MOTOR PVT LTD,HMV,0,2021
TOYOTA MATERIAL HANDLING INDIA PVT LTD,HMV,0,2021
TVS MOTOR COMPANY LTD,HMV,0,2021
VARANI RAJ ESTATE MANAGEMENT,HMV,0,2021
VE COMMERCIAL VEHICLES LTD,HMV,5,2021
VINTAGE VEHICLES,HMV,0,2021
VOLKSWAGEN AG,HMV,0,2021
VOLKSWAGEN INDIA PVT LTD,HMV,0,2021
VOLTAS LIMITED,HMV,0,2021
VOLVO AUTO INDIA PVT LTD,HMV,0,2021
WILLYS INDIA LTD,HMV,0,2021
A1 HEAVY EQUIPMENTS DEVELOPER,4WIC,0,2022
AJAY ENGINEERING AND AGRICULTURAL EQUIPMENT CO.,4WIC,0,2022
ASHOK LEYLAND LTD,4WIC,0,2022
ASTON MARTIN LAGONDA LTD,4WIC,0,2022
ASTON MARTIN LAGONDA PVT LTD,4WIC,0,2022
AUDI AG,4WIC,0,2022
AUSTIN LTD,4WIC,0,2022
AUTOMOBILI LAMBORGHINI S.P.A,4WIC,0,2022
BAJAJ AUTO LTD,4WIC,0,2022
BAJAJ TEMPO LIMITED,4WIC,0,2022
BENTLEY MOTORS LIMITED,4WIC,0,2022
BMW INDIA PVT LTD,4WIC,4,2022
BYD INDIA PRIVATE LIMITED,4WIC,0,2022
CHEVROLET SALES INDIA PVT LTD,4WIC,0,2022
CLASSIC LEGENDS PVT LTD,4WIC,0,2022
DAIMLER AG,4WIC,0,2022
DAIMLER INDIA COMMERCIAL VEHICLES PVT. LTD,4WIC,0,2022
DODGE MOTORS,4WIC,0,2022
FCA INDIA AUTOMOBILES PRIVATE LIMITED,4WIC,5,2022
FERRARI INDIA PRIVATE LIMITED,4WIC,0,2022
FERRARI SPA,4WIC,0,2022
FORCE MOTORS LIMITED,4WIC,0,2022
FORD INDIA PVT LTD,4WIC,0,2022
GENERAL MOTORS INDIA PVT LTD,4WIC,0,2022
HERO MOTOCORP LTD,4WIC,7,2022
HILLMAN MOTORS LTD,4WIC,0,2022
HINDUSTAN MOTOR CORPORATION,4WIC,0,2022
HINDUSTAN MOTOR FINANCE CORPORATION LIMITED,4WIC,0,2022
HONDA CARS INDIA LTD,4WIC,89,2022
HONDA MOTORCYCLE AND SCOOTER INDIA (P) LTD,4WIC,2,2022
HYUNDAI MOTOR INDIA LTD,4WIC,365,2022
"HYUNDAI MOTORS LTD, SOUTH KOREA",4WIC,0,2022
INDIA YAMAHA MOTOR PVT LTD,4WIC,0,2022
ISUZU MOTORS INDIA PVT LTD,4WIC,0,2022
JAGUAR LAND ROVER INDIA LIMITED,4WIC,0,2022
J.C. BAMFORD EXCAVATORS LIMITED,4WIC,0,2022
JEEP CHEROKEE,4WIC,0,2022
JSW MG MOTOR INDIA PVT LTD,4WIC,5,2022
KIA INDIA PRIVATE LIMITED,4WIC,183,2022
KIA MOTORS CORPN,4WIC,0,2022
LAMBORGHINI,4WIC,0,2022
LEXUS MOTORS LTD,4WIC,0,2022
LOCAL TRAILER MANUFACTURER,4WIC,0,2022
LOTUS CARS,4WIC,0,2022
MAHINDRA DEFENCE SYSTEMS LTD,4WIC,0,2022
MAHINDRA ELECTRIC MOBILITY LIMITED,4WIC,0,2022
MAHINDRA & MAHINDRA LIMITED,4WIC,81,2022
MARUTI INDUSTRIES,4WIC,0,2022
MARUTI SUZUKI INDIA LTD,4WIC,"1,201",2022
MARUTI UDYOG LTD,4WIC,0,2022
MASERATI S.P.A,4WIC,0,2022
MCLAREN AUTOMOTIVE (IMPORTER: INFINITY CARS),4WIC,0,2022
MERCEDES -BENZ AG,4WIC,0,2022
MERCEDES-BENZ INDIA PVT LTD,4WIC,3,2022
MINSK TRACTOR (IMPORTER: ERISHA AGRITECH),4WIC,0,2022
MITSUBISHI MOTORS CORPORATION,4WIC,0,2022
NEW HOLLAND FIAT INDIA PVT. LTD.,4WIC,0,2022
NIRMAL BROTHER,4WIC,0,2022
NISSAN MOTOR INDIA PVT LTD,4WIC,19,2022
OTHERS,4WIC,36,2022
PCA AUTOMOBILES INDIA PVT LTD,4WIC,0,2022
PIAGGIO VEHICLES PVT LTD,4WIC,0,2022
PORSCHE AG,4WIC,0,2022
PORSCHE AG GERMANY,4WIC,0,2022
RENAULT INDIA PVT LTD,4WIC,98,2022
ROLLS ROYCE,4WIC,0,2022
ROLLS-ROYCE MOTOR CARS(IMPORTER:SELECT CARS P LTD),4WIC,0,2022
ROLLS ROYCE MOTOR (IMPORTER: KUN MOTOR),4WIC,0,2022
ROVER COMPANY,4WIC,0,2022
ROYAL-ENFIELD (UNIT OF EICHER LTD),4WIC,0,2022
SHREE CARS PVT. LTD,4WIC,0,2022
SKODA AUTO AS,4WIC,0,2022
SKODA AUTO INDIA PVT LTD,4WIC,0,2022
SKODA AUTO VOLKSWAGEN INDIA PVT LTD,4WIC,38,2022
SML ISUZU LTD,4WIC,0,2022
SMV,4WIC,0,2022
SUZUKI MOTORCYCLE INDIA PVT LTD,4WIC,0,2022
SWARAJ AUTOMOTIVES LTD,4WIC,0,2022
TATA ADVANCED SYSTEMS LTD,4WIC,0,2022
TATA MOTORS LTD,4WIC,81,2022
TATA MOTORS PASSENGER VEHICLES LTD,4WIC,525,2022
TELCO LTD,4WIC,0,2022
TOYOTA KIRLOSKAR MOTOR PVT LTD,4WIC,51,2022
TVS MOTOR COMPANY LTD,4WIC,12,2022
VE COMMERCIAL VEHICLES LTD,4WIC,0,2022
VINTAGE VEHICLES,4WIC,0,2022
VOLKSWAGEN AG,4WIC,0,2022
VOLKSWAGEN INDIA PVT LTD,4WIC,0,2022
VOLVO AUTO INDIA PVT LTD,4WIC,2,2022
"""VOLVO GROUP INDIA PVT LTD""",4WIC,0,2022
WILLYS INDIA LTD,4WIC,0,2022
WUXI SAIGE (IMPORTER: WARIVO MOTOR),4WIC,0,2022
A1 HEAVY EQUIPMENTS DEVELOPER,LMV,1,2022
AJAY ENGINEERING AND AGRICULTURAL EQUIPMENT CO.,LMV,1,2022
ASHOK LEYLAND LTD,LMV,15,2022
ASTON MARTIN LAGONDA LTD,LMV,8,2022
ASTON MARTIN LAGONDA PVT LTD,LMV,1,2022
AUDI AG,LMV,598,2022
AUSTIN LTD,LMV,1,2022
AUTOMOBILI LAMBORGHINI S.P.A,LMV,93,2022
BAJAJ AUTO LTD,LMV,70,2022
BAJAJ TEMPO LIMITED,LMV,2,2022
BENTLEY MOTORS LIMITED,LMV,23,2022
BMW INDIA PVT LTD,LMV,"11,055",2022
BYD INDIA PRIVATE LIMITED,LMV,360,2022
CHEVROLET SALES INDIA PVT LTD,LMV,1,2022
CLASSIC LEGENDS PVT LTD,LMV,1,2022
DAIMLER AG,LMV,15,2022
DAIMLER INDIA COMMERCIAL VEHICLES PVT. LTD,LMV,0,2022
DODGE MOTORS,LMV,2,2022
FCA INDIA AUTOMOBILES PRIVATE LIMITED,LMV,"12,085",2022
FERRARI INDIA PRIVATE LIMITED,LMV,8,2022
FERRARI SPA,LMV,13,2022
FORCE MOTORS LIMITED,LMV,"1,674",2022
FORD INDIA PVT LTD,LMV,392,2022
GENERAL MOTORS INDIA PVT LTD,LMV,4,2022
HERO MOTOCORP LTD,LMV,5,2022
HILLMAN MOTORS LTD,LMV,1,2022
HINDUSTAN MOTOR CORPORATION,LMV,11,2022
HINDUSTAN MOTOR FINANCE CORPORATION LIMITED,LMV,3,2022
HONDA CARS INDIA LTD,LMV,"85,133",2022
HONDA MOTORCYCLE AND SCOOTER INDIA (P) LTD,LMV,3,2022
HYUNDAI MOTOR INDIA LTD,LMV,"5,10,173",2022
"HYUNDAI MOTORS LTD, SOUTH KOREA",LMV,27,2022
INDIA YAMAHA MOTOR PVT LTD,LMV,2,2022
ISUZU MOTORS INDIA PVT LTD,LMV,877,2022
JAGUAR LAND ROVER INDIA LIMITED,LMV,"1,859",2022
J.C. BAMFORD EXCAVATORS LIMITED,LMV,1,2022
JEEP CHEROKEE,LMV,2,2022
JSW MG MOTOR INDIA PVT LTD,LMV,"40,530",2022
KIA INDIA PRIVATE LIMITED,LMV,"2,15,698",2022
KIA MOTORS CORPN,LMV,5,2022
LAMBORGHINI,LMV,2,2022
LEXUS MOTORS LTD,LMV,1,2022
LOCAL TRAILER MANUFACTURER,LMV,1,2022
LOTUS CARS,LMV,1,2022
MAHINDRA DEFENCE SYSTEMS LTD,LMV,2,2022
MAHINDRA ELECTRIC MOBILITY LIMITED,LMV,3,2022
MAHINDRA & MAHINDRA LIMITED,LMV,"2,71,671",2022
MARUTI INDUSTRIES,LMV,2,2022
MARUTI SUZUKI INDIA LTD,LMV,"13,58,651",2022
MARUTI UDYOG LTD,LMV,464,2022
MASERATI S.P.A,LMV,24,2022
MCLAREN AUTOMOTIVE (IMPORTER: INFINITY CARS),LMV,11,2022
MERCEDES -BENZ AG,LMV,364,2022
MERCEDES-BENZ INDIA PVT LTD,LMV,"13,133",2022
MINSK TRACTOR (IMPORTER: ERISHA AGRITECH),LMV,1,2022
MITSUBISHI MOTORS CORPORATION,LMV,7,2022
NEW HOLLAND FIAT INDIA PVT. LTD.,LMV,1,2022
NIRMAL BROTHER,LMV,1,2022
NISSAN MOTOR INDIA PVT LTD,LMV,"32,048",2022
OTHERS,LMV,"22,204",2022
PCA AUTOMOBILES INDIA PVT LTD,LMV,"3,593",2022
PIAGGIO VEHICLES PVT LTD,LMV,1,2022
PORSCHE AG,LMV,3,2022
PORSCHE AG GERMANY,LMV,665,2022
RENAULT INDIA PVT LTD,LMV,"78,404",2022
ROLLS ROYCE,LMV,19,2022
ROLLS-ROYCE MOTOR CARS(IMPORTER:SELECT CARS P LTD),LMV,3,2022
ROLLS ROYCE MOTOR (IMPORTER: KUN MOTOR),LMV,9,2022
ROVER COMPANY,LMV,1,2022
ROYAL-ENFIELD (UNIT OF EICHER LTD),LMV,9,2022
SHREE CARS PVT. LTD,LMV,1,2022
SKODA AUTO AS,LMV,2,2022
SKODA AUTO INDIA PVT LTD,LMV,833,2022
SKODA AUTO VOLKSWAGEN INDIA PVT LTD,LMV,"80,961",2022
SML ISUZU LTD,LMV,2,2022
SMV,LMV,48,2022
SUZUKI MOTORCYCLE INDIA PVT LTD,LMV,3,2022
SWARAJ AUTOMOTIVES LTD,LMV,1,2022
TATA ADVANCED SYSTEMS LTD,LMV,1,2022
TATA MOTORS LTD,LMV,"38,262",2022
TATA MOTORS PASSENGER VEHICLES LTD,LMV,"4,19,627",2022
TELCO LTD,LMV,1,2022
TOYOTA KIRLOSKAR MOTOR PVT LTD,LMV,"1,40,606",2022
TVS MOTOR COMPANY LTD,LMV,4,2022
VE COMMERCIAL VEHICLES LTD,LMV,9,2022
VINTAGE VEHICLES,LMV,42,2022
VOLKSWAGEN AG,LMV,32,2022
VOLKSWAGEN INDIA PVT LTD,LMV,345,2022
VOLVO AUTO INDIA PVT LTD,LMV,"1,600",2022
"""VOLVO GROUP INDIA PVT LTD""",LMV,3,2022
WILLYS INDIA LTD,LMV,6,2022
WUXI SAIGE (IMPORTER: WARIVO MOTOR),LMV,2,2022
A1 HEAVY EQUIPMENTS DEVELOPER,MMV,0,2022
AJAY ENGINEERING AND AGRICULTURAL EQUIPMENT CO.,MMV,0,2022
ASHOK LEYLAND LTD,MMV,0,2022
ASTON MARTIN LAGONDA LTD,MMV,0,2022
ASTON MARTIN LAGONDA PVT LTD,MMV,0,2022
AUDI AG,MMV,0,2022
AUSTIN LTD,MMV,0,2022
AUTOMOBILI LAMBORGHINI S.P.A,MMV,0,2022
BAJAJ AUTO LTD,MMV,0,2022
BAJAJ TEMPO LIMITED,MMV,0,2022
BENTLEY MOTORS LIMITED,MMV,0,2022
BMW INDIA PVT LTD,MMV,0,2022
BYD INDIA PRIVATE LIMITED,MMV,0,2022
CHEVROLET SALES INDIA PVT LTD,MMV,0,2022
CLASSIC LEGENDS PVT LTD,MMV,0,2022
DAIMLER AG,MMV,0,2022
DAIMLER INDIA COMMERCIAL VEHICLES PVT. LTD,MMV,1,2022
DODGE MOTORS,MMV,0,2022
FCA INDIA AUTOMOBILES PRIVATE LIMITED,MMV,0,2022
FERRARI INDIA PRIVATE LIMITED,MMV,0,2022
FERRARI SPA,MMV,0,2022
FORCE MOTORS LIMITED,MMV,19,2022
FORD INDIA PVT LTD,MMV,0,2022
GENERAL MOTORS INDIA PVT LTD,MMV,0,2022
HERO MOTOCORP LTD,MMV,0,2022
HILLMAN MOTORS LTD,MMV,0,2022
HINDUSTAN MOTOR CORPORATION,MMV,0,2022
HINDUSTAN MOTOR FINANCE CORPORATION LIMITED,MMV,0,2022
HONDA CARS INDIA LTD,MMV,0,2022
HONDA MOTORCYCLE AND SCOOTER INDIA (P) LTD,MMV,0,2022
HYUNDAI MOTOR INDIA LTD,MMV,0,2022
"HYUNDAI MOTORS LTD, SOUTH KOREA",MMV,0,2022
INDIA YAMAHA MOTOR PVT LTD,MMV,0,2022
ISUZU MOTORS INDIA PVT LTD,MMV,0,2022
JAGUAR LAND ROVER INDIA LIMITED,MMV,0,2022
J.C. BAMFORD EXCAVATORS LIMITED,MMV,0,2022
JEEP CHEROKEE,MMV,0,2022
JSW MG MOTOR INDIA PVT LTD,MMV,0,2022
KIA INDIA PRIVATE LIMITED,MMV,0,2022
KIA MOTORS CORPN,MMV,0,2022
LAMBORGHINI,MMV,0,2022
LEXUS MOTORS LTD,MMV,0,2022
LOCAL TRAILER MANUFACTURER,MMV,0,2022
LOTUS CARS,MMV,0,2022
MAHINDRA DEFENCE SYSTEMS LTD,MMV,0,2022
MAHINDRA ELECTRIC MOBILITY LIMITED,MMV,0,2022
MAHINDRA & MAHINDRA LIMITED,MMV,6,2022
MARUTI INDUSTRIES,MMV,0,2022
MARUTI SUZUKI INDIA LTD,MMV,1,2022
MARUTI UDYOG LTD,MMV,0,2022
MASERATI S.P.A,MMV,0,2022
MCLAREN AUTOMOTIVE (IMPORTER: INFINITY CARS),MMV,0,2022
MERCEDES -BENZ AG,MMV,0,2022
MERCEDES-BENZ INDIA PVT LTD,MMV,0,2022
MINSK TRACTOR (IMPORTER: ERISHA AGRITECH),MMV,0,2022
MITSUBISHI MOTORS CORPORATION,MMV,0,2022
NEW HOLLAND FIAT INDIA PVT. LTD.,MMV,0,2022
NIRMAL BROTHER,MMV,0,2022
NISSAN MOTOR INDIA PVT LTD,MMV,0,2022
OTHERS,MMV,0,2022
PCA AUTOMOBILES INDIA PVT LTD,MMV,0,2022
PIAGGIO VEHICLES PVT LTD,MMV,0,2022
PORSCHE AG,MMV,0,2022
PORSCHE AG GERMANY,MMV,0,2022
RENAULT INDIA PVT LTD,MMV,0,2022
ROLLS ROYCE,MMV,0,2022
ROLLS-ROYCE MOTOR CARS(IMPORTER:SELECT CARS P LTD),MMV,0,2022
ROLLS ROYCE MOTOR (IMPORTER: KUN MOTOR),MMV,0,2022
ROVER COMPANY,MMV,0,2022
ROYAL-ENFIELD (UNIT OF EICHER LTD),MMV,0,2022
SHREE CARS PVT. LTD,MMV,0,2022
SKODA AUTO AS,MMV,0,2022
SKODA AUTO INDIA PVT LTD,MMV,0,2022
SKODA AUTO VOLKSWAGEN INDIA PVT LTD,MMV,0,2022
SML ISUZU LTD,MMV,2,2022
SMV,MMV,0,2022
SUZUKI MOTORCYCLE INDIA PVT LTD,MMV,0,2022
SWARAJ AUTOMOTIVES LTD,MMV,0,2022
TATA ADVANCED SYSTEMS LTD,MMV,0,2022
TATA MOTORS LTD,MMV,2,2022
TATA MOTORS PASSENGER VEHICLES LTD,MMV,0,2022
TELCO LTD,MMV,0,2022
TOYOTA KIRLOSKAR MOTOR PVT LTD,MMV,0,2022
TVS MOTOR COMPANY LTD,MMV,0,2022
VE COMMERCIAL VEHICLES LTD,MMV,4,2022
VINTAGE VEHICLES,MMV,0,2022
VOLKSWAGEN AG,MMV,0,2022
VOLKSWAGEN INDIA PVT LTD,MMV,0,2022
VOLVO AUTO INDIA PVT LTD,MMV,0,2022
"""VOLVO GROUP INDIA PVT LTD""",MMV,0,2022
WILLYS INDIA LTD,MMV,0,2022
WUXI SAIGE (IMPORTER: WARIVO MOTOR),MMV,0,2022
A1 HEAVY EQUIPMENTS DEVELOPER,HMV,0,2022
AJAY ENGINEERING AND AGRICULTURAL EQUIPMENT CO.,HMV,0,2022
ASHOK LEYLAND LTD,HMV,0,2022
ASTON MARTIN LAGONDA LTD,HMV,0,2022
ASTON MARTIN LAGONDA PVT LTD,HMV,0,2022
AUDI AG,HMV,0,2022
AUSTIN LTD,HMV,0,2022
AUTOMOBILI LAMBORGHINI S.P.A,HMV,0,2022
BAJAJ AUTO LTD,HMV,0,2022
BAJAJ TEMPO LIMITED,HMV,0,2022
BENTLEY MOTORS LIMITED,HMV,0,2022
BMW INDIA PVT LTD,HMV,0,2022
BYD INDIA PRIVATE LIMITED,HMV,0,2022
CHEVROLET SALES INDIA PVT LTD,HMV,0,2022
CLASSIC LEGENDS PVT LTD,HMV,0,2022
DAIMLER AG,HMV,0,2022
DAIMLER INDIA COMMERCIAL VEHICLES PVT. LTD,HMV,0,2022
DODGE MOTORS,HMV,0,2022
FCA INDIA AUTOMOBILES PRIVATE LIMITED,HMV,0,2022
FERRARI INDIA PRIVATE LIMITED,HMV,0,2022
FERRARI SPA,HMV,0,2022
FORCE MOTORS LIMITED,HMV,0,2022
FORD INDIA PVT LTD,HMV,0,2022
GENERAL MOTORS INDIA PVT LTD,HMV,0,2022
HERO MOTOCORP LTD,HMV,0,2022
HILLMAN MOTORS LTD,HMV,0,2022
HINDUSTAN MOTOR CORPORATION,HMV,0,2022
HINDUSTAN MOTOR FINANCE CORPORATION LIMITED,HMV,0,2022
HONDA CARS INDIA LTD,HMV,0,2022
HONDA MOTORCYCLE AND SCOOTER INDIA (P) LTD,HMV,0,2022
HYUNDAI MOTOR INDIA LTD,HMV,0,2022
"HYUNDAI MOTORS LTD, SOUTH KOREA",HMV,0,2022
INDIA YAMAHA MOTOR PVT LTD,HMV,0,2022
ISUZU MOTORS INDIA PVT LTD,HMV,0,2022
JAGUAR LAND ROVER INDIA LIMITED,HMV,0,2022
J.C. BAMFORD EXCAVATORS LIMITED,HMV,0,2022
JEEP CHEROKEE,HMV,0,2022
JSW MG MOTOR INDIA PVT LTD,HMV,0,2022
KIA INDIA PRIVATE LIMITED,HMV,0,2022
KIA MOTORS CORPN,HMV,0,2022
LAMBORGHINI,HMV,0,2022
LEXUS MOTORS LTD,HMV,0,2022
LOCAL TRAILER MANUFACTURER,HMV,0,2022
LOTUS CARS,HMV,0,2022
MAHINDRA DEFENCE SYSTEMS LTD,HMV,0,2022
MAHINDRA ELECTRIC MOBILITY LIMITED,HMV,0,2022
MAHINDRA & MAHINDRA LIMITED,HMV,8,2022
MARUTI INDUSTRIES,HMV,0,2022
MARUTI SUZUKI INDIA LTD,HMV,0,2022
MARUTI UDYOG LTD,HMV,0,2022
MASERATI S.P.A,HMV,0,2022
MCLAREN AUTOMOTIVE (IMPORTER: INFINITY CARS),HMV,0,2022
MERCEDES -BENZ AG,HMV,0,2022
MERCEDES-BENZ INDIA PVT LTD,HMV,0,2022
MINSK TRACTOR (IMPORTER: ERISHA AGRITECH),HMV,0,2022
MITSUBISHI MOTORS CORPORATION,HMV,0,2022
NEW HOLLAND FIAT INDIA PVT. LTD.,HMV,0,2022
NIRMAL BROTHER,HMV,0,2022
NISSAN MOTOR INDIA PVT LTD,HMV,0,2022
OTHERS,HMV,0,2022
PCA AUTOMOBILES INDIA PVT LTD,HMV,0,2022
PIAGGIO VEHICLES PVT LTD,HMV,0,2022
PORSCHE AG,HMV,0,2022
PORSCHE AG GERMANY,HMV,0,2022
RENAULT INDIA PVT LTD,HMV,0,2022
ROLLS ROYCE,HMV,0,2022
ROLLS-ROYCE MOTOR CARS(IMPORTER:SELECT CARS P LTD),HMV,0,2022
ROLLS ROYCE MOTOR (IMPORTER: KUN MOTOR),HMV,0,2022
ROVER COMPANY,HMV,0,2022
ROYAL-ENFIELD (UNIT OF EICHER LTD),HMV,0,2022
SHREE CARS PVT. LTD,HMV,0,2022
SKODA AUTO AS,HMV,0,2022
SKODA AUTO INDIA PVT LTD,HMV,0,2022
SKODA AUTO VOLKSWAGEN INDIA PVT LTD,HMV,0,2022
SML ISUZU LTD,HMV,1,2022
SMV,HMV,0,2022
SUZUKI MOTORCYCLE INDIA PVT LTD,HMV,0,2022
SWARAJ AUTOMOTIVES LTD,HMV,0,2022
TATA ADVANCED SYSTEMS LTD,HMV,0,2022
TATA MOTORS LTD,HMV,8,2022
TATA MOTORS PASSENGER VEHICLES LTD,HMV,0,2022
TELCO LTD,HMV,0,2022
TOYOTA KIRLOSKAR MOTOR PVT LTD,HMV,0,2022
TVS MOTOR COMPANY LTD,HMV,0,2022
VE COMMERCIAL VEHICLES LTD,HMV,2,2022
VINTAGE VEHICLES,HMV,0,2022
VOLKSWAGEN AG,HMV,0,2022
VOLKSWAGEN INDIA PVT LTD,HMV,0,2022
VOLVO AUTO INDIA PVT LTD,HMV,0,2022
"""VOLVO GROUP INDIA PVT LTD""",HMV,0,2022
WILLYS INDIA LTD,HMV,0,2022
WUXI SAIGE (IMPORTER: WARIVO MOTOR),HMV,0,2022
A-1 SUREJA INDUSTRIES,4WIC,0,2023
ADITYA ENTERPRISES,4WIC,0,2023
AJAY ENGINEERING AND AGRICULTURAL EQUIPMENT CO.,4WIC,0,2023
ASHOK LEYLAND LTD,4WIC,0,2023
ASTON MARTIN LAGONDA LTD,4WIC,0,2023
AUDI AG,4WIC,0,2023
AUTOMOBILI LAMBORGHINI S.P.A,4WIC,0,2023
BAJAJ AUTO LTD,4WIC,0,2023
BENTLEY MOTORS LIMITED,4WIC,0,2023
BMW INDIA PVT LTD,4WIC,3,2023
BYD INDIA PRIVATE LIMITED,4WIC,0,2023
CHEVROLET SALES INDIA PVT LTD,4WIC,0,2023
CHRYSLER MOTORS PVT LTD,4WIC,0,2023
CLASSIC LEGENDS PVT LTD,4WIC,0,2023
DAIMLER AG,4WIC,0,2023
DAIMLER INDIA COMMERCIAL VEHICLES PVT. LTD,4WIC,0,2023
DODGE MOTORS,4WIC,0,2023
FCA INDIA AUTOMOBILES PRIVATE LIMITED,4WIC,3,2023
FERRARI INDIA PRIVATE LIMITED,4WIC,0,2023
FERRARI SPA,4WIC,0,2023
FERRARI SPA (IMPORTER:SELECT CARS P LTD),4WIC,0,2023
FORCE MOTORS LIMITED,4WIC,0,2023
FORD INDIA PVT LTD,4WIC,0,2023
GAIA INTERNATIONAL (IMPORTER: NEW ENERGY WAGON),4WIC,0,2023
GENERAL MOTORS INDIA PVT LTD,4WIC,0,2023
HERO MOTOCORP LTD,4WIC,2,2023
HINDUSTAN AGRO INDUSTRIES,4WIC,0,2023
HINDUSTAN MOTOR CORPORATION,4WIC,0,2023
HINDUSTAN MOTOR FINANCE CORPORATION LIMITED,4WIC,0,2023
HONDA CARS INDIA LTD,4WIC,62,2023
HONDA MOTORCYCLE AND SCOOTER INDIA (P) LTD,4WIC,3,2023
HOUSTAN INNOVATION LLP,4WIC,0,2023
HUNDAL INDUSTRIES,4WIC,0,2023
HYUNDAI MOTOR INDIA LTD,4WIC,500,2023
"HYUNDAI MOTORS LTD, SOUTH KOREA",4WIC,0,2023
INDIA YAMAHA MOTOR PVT LTD,4WIC,0,2023
INEOS AUTOMOTIVE LIMITED,4WIC,0,2023
ISUZU MOTORS INDIA PVT LTD,4WIC,0,2023
JAGUAR LAND ROVER INDIA LIMITED,4WIC,0,2023
JSW MG MOTOR INDIA PVT LTD,4WIC,13,2023
KIA INDIA PRIVATE LIMITED,4WIC,229,2023
KIA MOTORS CORPN,4WIC,0,2023
LEXUS MOTORS LTD,4WIC,0,2023
LOCAL TRAILER MANUFACTURER,4WIC,0,2023
"MADHUSUDAN ENG.WORKS,NIMAPADA",4WIC,0,2023
MAHINDRA DEFENCE SYSTEMS LTD,4WIC,0,2023
MAHINDRA ELECTRIC MOBILITY LIMITED,4WIC,0,2023
MAHINDRA LAST MILE MOBILITY LTD,4WIC,0,2023
MAHINDRA & MAHINDRA LIMITED,4WIC,161,2023
MANDAL ENGINEERING WORKSHOP,4WIC,0,2023
MARUTI INDUSTRIES,4WIC,0,2023
MARUTI SUZUKI INDIA LTD,4WIC,"1,464",2023
MARUTI UDYOG LTD,4WIC,0,2023
MASERATI S.P.A,4WIC,0,2023
MCLAREN AUTOMOTIVE (IMPORTER: INFINITY CARS),4WIC,0,2023
MERCEDES -BENZ AG,4WIC,0,2023
MERCEDES-BENZ INDIA PVT LTD,4WIC,4,2023
MITSUBISHI MOTORS CORPORATION,4WIC,0,2023
"M/S AJAY ENGINEERING WORKS EQUIPMENTS PVT LTD ,SAMBALPUR",4WIC,0,2023
NISSAN MOTOR INDIA PVT LTD,4WIC,14,2023
OTHERS,4WIC,5,2023
PCA AUTOMOBILES INDIA PVT LTD,4WIC,2,2023
PORSCHE AG GERMANY,4WIC,0,2023
RENAULT INDIA PVT LTD,4WIC,89,2023
ROLLS ROYCE,4WIC,0,2023
ROLLS-ROYCE MOTOR CARS(IMPORTER:SELECT CARS P LTD),4WIC,0,2023
ROLLS ROYCE MOTOR (IMPORTER: KUN MOTOR),4WIC,0,2023
ROYAL-ENFIELD (UNIT OF EICHER LTD),4WIC,0,2023
SKODA AUTO AS,4WIC,0,2023
SKODA AUTO INDIA PVT LTD,4WIC,0,2023
SKODA AUTO VOLKSWAGEN INDIA PVT LTD,4WIC,43,2023
SML ISUZU LTD,4WIC,0,2023
SUZUKI JAPAN,4WIC,0,2023
SUZUKI MOTORCYCLE INDIA PVT LTD,4WIC,0,2023
TATA ADVANCED SYSTEMS LTD,4WIC,0,2023
TATA MOTORS LTD,4WIC,0,2023
TATA MOTORS PASSENGER VEHICLES LTD,4WIC,849,2023
TATA PASSENGER ELECTRIC MOBILITY LTD,4WIC,28,2023
TOYOTA KIRLOSKAR MOTOR PVT LTD,4WIC,76,2023
TVS MOTOR COMPANY LTD,4WIC,4,2023
VE COMMERCIAL VEHICLES LTD,4WIC,0,2023
VINTAGE VEHICLES,4WIC,0,2023
VOLKSWAGEN AG,4WIC,0,2023
VOLKSWAGEN INDIA PVT LTD,4WIC,0,2023
VOLVO AUTO INDIA PVT LTD,4WIC,1,2023
"""VOLVO GROUP INDIA PVT LTD""",4WIC,0,2023
WILLYS INDIA LTD,4WIC,0,2023
WUXI SAIGE (IMPORTER: WARIVO MOTOR),4WIC,0,2023
A-1 SUREJA INDUSTRIES,LMV,1,2023
ADITYA ENTERPRISES,LMV,1,2023
AJAY ENGINEERING AND AGRICULTURAL EQUIPMENT CO.,LMV,2,2023
ASHOK LEYLAND LTD,LMV,6,2023
ASTON MARTIN LAGONDA LTD,LMV,6,2023
AUDI AG,LMV,"1,387",2023
AUTOMOBILI LAMBORGHINI S.P.A,LMV,72,2023
BAJAJ AUTO LTD,LMV,50,2023
BENTLEY MOTORS LIMITED,LMV,61,2023
BMW INDIA PVT LTD,LMV,"12,452",2023
BYD INDIA PRIVATE LIMITED,LMV,"1,789",2023
CHEVROLET SALES INDIA PVT LTD,LMV,1,2023
CHRYSLER MOTORS PVT LTD,LMV,2,2023
CLASSIC LEGENDS PVT LTD,LMV,1,2023
DAIMLER AG,LMV,2,2023
DAIMLER INDIA COMMERCIAL VEHICLES PVT. LTD,LMV,1,2023
DODGE MOTORS,LMV,1,2023
FCA INDIA AUTOMOBILES PRIVATE LIMITED,LMV,"7,326",2023
FERRARI INDIA PRIVATE LIMITED,LMV,25,2023
FERRARI SPA,LMV,23,2023
FERRARI SPA (IMPORTER:SELECT CARS P LTD),LMV,1,2023
FORCE MOTORS LIMITED,LMV,"1,597",2023
FORD INDIA PVT LTD,LMV,45,2023
GAIA INTERNATIONAL (IMPORTER: NEW ENERGY WAGON),LMV,1,2023
GENERAL MOTORS INDIA PVT LTD,LMV,2,2023
HERO MOTOCORP LTD,LMV,3,2023
HINDUSTAN AGRO INDUSTRIES,LMV,6,2023
HINDUSTAN MOTOR CORPORATION,LMV,5,2023
HINDUSTAN MOTOR FINANCE CORPORATION LIMITED,LMV,5,2023
HONDA CARS INDIA LTD,LMV,"73,967",2023
HONDA MOTORCYCLE AND SCOOTER INDIA (P) LTD,LMV,0,2023
HOUSTAN INNOVATION LLP,LMV,1,2023
HUNDAL INDUSTRIES,LMV,2,2023
HYUNDAI MOTOR INDIA LTD,LMV,"5,38,423",2023
"HYUNDAI MOTORS LTD, SOUTH KOREA",LMV,9,2023
INDIA YAMAHA MOTOR PVT LTD,LMV,11,2023
INEOS AUTOMOTIVE LIMITED,LMV,1,2023
ISUZU MOTORS INDIA PVT LTD,LMV,928,2023
JAGUAR LAND ROVER INDIA LIMITED,LMV,"3,462",2023
JSW MG MOTOR INDIA PVT LTD,LMV,"49,407",2023
KIA INDIA PRIVATE LIMITED,LMV,"2,24,213",2023
KIA MOTORS CORPN,LMV,2,2023
LEXUS MOTORS LTD,LMV,2,2023
LOCAL TRAILER MANUFACTURER,LMV,1,2023
"MADHUSUDAN ENG.WORKS,NIMAPADA",LMV,1,2023
MAHINDRA DEFENCE SYSTEMS LTD,LMV,14,2023
MAHINDRA ELECTRIC MOBILITY LIMITED,LMV,1,2023
MAHINDRA LAST MILE MOBILITY LTD,LMV,1,2023
MAHINDRA & MAHINDRA LIMITED,LMV,"3,79,344",2023
MANDAL ENGINEERING WORKSHOP,LMV,1,2023
MARUTI INDUSTRIES,LMV,1,2023
MARUTI SUZUKI INDIA LTD,LMV,"14,19,083",2023
MARUTI UDYOG LTD,LMV,295,2023
MASERATI S.P.A,LMV,19,2023
MCLAREN AUTOMOTIVE (IMPORTER: INFINITY CARS),LMV,9,2023
MERCEDES -BENZ AG,LMV,"1,194",2023
MERCEDES-BENZ INDIA PVT LTD,LMV,"14,158",2023
MITSUBISHI MOTORS CORPORATION,LMV,2,2023
"M/S AJAY ENGINEERING WORKS EQUIPMENTS PVT LTD ,SAMBALPUR",LMV,1,2023
NISSAN MOTOR INDIA PVT LTD,LMV,"27,765",2023
OTHERS,LMV,"1,283",2023
PCA AUTOMOBILES INDIA PVT LTD,LMV,"8,566",2023
PORSCHE AG GERMANY,LMV,797,2023
RENAULT INDIA PVT LTD,LMV,"52,198",2023
ROLLS ROYCE,LMV,4,2023
ROLLS-ROYCE MOTOR CARS(IMPORTER:SELECT CARS P LTD),LMV,18,2023
ROLLS ROYCE MOTOR (IMPORTER: KUN MOTOR),LMV,22,2023
ROYAL-ENFIELD (UNIT OF EICHER LTD),LMV,5,2023
SKODA AUTO AS,LMV,1,2023
SKODA AUTO INDIA PVT LTD,LMV,6,2023
SKODA AUTO VOLKSWAGEN INDIA PVT LTD,LMV,"90,694",2023
SML ISUZU LTD,LMV,29,2023
SUZUKI JAPAN,LMV,2,2023
SUZUKI MOTORCYCLE INDIA PVT LTD,LMV,4,2023
TATA ADVANCED SYSTEMS LTD,LMV,1,2023
TATA MOTORS LTD,LMV,"2,066",2023
TATA MOTORS PASSENGER VEHICLES LTD,LMV,"4,73,357",2023
TATA PASSENGER ELECTRIC MOBILITY LTD,LMV,"33,750",2023
TOYOTA KIRLOSKAR MOTOR PVT LTD,LMV,"1,77,673",2023
TVS MOTOR COMPANY LTD,LMV,9,2023
VE COMMERCIAL VEHICLES LTD,LMV,22,2023
VINTAGE VEHICLES,LMV,14,2023
VOLKSWAGEN AG,LMV,1,2023
VOLKSWAGEN INDIA PVT LTD,LMV,13,2023
VOLVO AUTO INDIA PVT LTD,LMV,"2,107",2023
"""VOLVO GROUP INDIA PVT LTD""",LMV,3,2023
WILLYS INDIA LTD,LMV,2,2023
WUXI SAIGE (IMPORTER: WARIVO MOTOR),LMV,1,2023
A-1 SUREJA INDUSTRIES,MMV,0,2023
ADITYA ENTERPRISES,MMV,0,2023
AJAY ENGINEERING AND AGRICULTURAL EQUIPMENT CO.,MMV,0,2023
ASHOK LEYLAND LTD,MMV,0,2023
ASTON MARTIN LAGONDA LTD,MMV,0,2023
AUDI AG,MMV,0,2023
AUTOMOBILI LAMBORGHINI S.P.A,MMV,0,2023
BAJAJ AUTO LTD,MMV,0,2023
BENTLEY MOTORS LIMITED,MMV,0,2023
BMW INDIA PVT LTD,MMV,0,2023
BYD INDIA PRIVATE LIMITED,MMV,0,2023
CHEVROLET SALES INDIA PVT LTD,MMV,0,2023
CHRYSLER MOTORS PVT LTD,MMV,0,2023
CLASSIC LEGENDS PVT LTD,MMV,0,2023
DAIMLER AG,MMV,0,2023
DAIMLER INDIA COMMERCIAL VEHICLES PVT. LTD,MMV,0,2023
DODGE MOTORS,MMV,0,2023
FCA INDIA AUTOMOBILES PRIVATE LIMITED,MMV,0,2023
FERRARI INDIA PRIVATE LIMITED,MMV,0,2023
FERRARI SPA,MMV,0,2023
FERRARI SPA (IMPORTER:SELECT CARS P LTD),MMV,0,2023
FORCE MOTORS LIMITED,MMV,22,2023
FORD INDIA PVT LTD,MMV,0,2023
GAIA INTERNATIONAL (IMPORTER: NEW ENERGY WAGON),MMV,0,2023
GENERAL MOTORS INDIA PVT LTD,MMV,0,2023
HERO MOTOCORP LTD,MMV,0,2023
HINDUSTAN AGRO INDUSTRIES,MMV,0,2023
HINDUSTAN MOTOR CORPORATION,MMV,0,2023
HINDUSTAN MOTOR FINANCE CORPORATION LIMITED,MMV,0,2023
HONDA CARS INDIA LTD,MMV,0,2023
HONDA MOTORCYCLE AND SCOOTER INDIA (P) LTD,MMV,0,2023
HOUSTAN INNOVATION LLP,MMV,0,2023
HUNDAL INDUSTRIES,MMV,0,2023
HYUNDAI MOTOR INDIA LTD,MMV,0,2023
"HYUNDAI MOTORS LTD, SOUTH KOREA",MMV,0,2023
INDIA YAMAHA MOTOR PVT LTD,MMV,0,2023
INEOS AUTOMOTIVE LIMITED,MMV,0,2023
ISUZU MOTORS INDIA PVT LTD,MMV,0,2023
JAGUAR LAND ROVER INDIA LIMITED,MMV,0,2023
JSW MG MOTOR INDIA PVT LTD,MMV,0,2023
KIA INDIA PRIVATE LIMITED,MMV,0,2023
KIA MOTORS CORPN,MMV,0,2023
LEXUS MOTORS LTD,MMV,0,2023
LOCAL TRAILER MANUFACTURER,MMV,0,2023
"MADHUSUDAN ENG.WORKS,NIMAPADA",MMV,0,2023
MAHINDRA DEFENCE SYSTEMS LTD,MMV,0,2023
MAHINDRA ELECTRIC MOBILITY LIMITED,MMV,0,2023
MAHINDRA LAST MILE MOBILITY LTD,MMV,0,2023
MAHINDRA & MAHINDRA LIMITED,MMV,37,2023
MANDAL ENGINEERING WORKSHOP,MMV,0,2023
MARUTI INDUSTRIES,MMV,0,2023
MARUTI SUZUKI INDIA LTD,MMV,0,2023
MARUTI UDYOG LTD,MMV,0,2023
MASERATI S.P.A,MMV,0,2023
MCLAREN AUTOMOTIVE (IMPORTER: INFINITY CARS),MMV,0,2023
MERCEDES -BENZ AG,MMV,0,2023
MERCEDES-BENZ INDIA PVT LTD,MMV,0,2023
MITSUBISHI MOTORS CORPORATION,MMV,0,2023
"M/S AJAY ENGINEERING WORKS EQUIPMENTS PVT LTD ,SAMBALPUR",MMV,0,2023
NISSAN MOTOR INDIA PVT LTD,MMV,0,2023
OTHERS,MMV,0,2023
PCA AUTOMOBILES INDIA PVT LTD,MMV,0,2023
PORSCHE AG GERMANY,MMV,0,2023
RENAULT INDIA PVT LTD,MMV,0,2023
ROLLS ROYCE,MMV,0,2023
ROLLS-ROYCE MOTOR CARS(IMPORTER:SELECT CARS P LTD),MMV,0,2023
ROLLS ROYCE MOTOR (IMPORTER: KUN MOTOR),MMV,0,2023
ROYAL-ENFIELD (UNIT OF EICHER LTD),MMV,0,2023
SKODA AUTO AS,MMV,0,2023
SKODA AUTO INDIA PVT LTD,MMV,0,2023
SKODA AUTO VOLKSWAGEN INDIA PVT LTD,MMV,0,2023
SML ISUZU LTD,MMV,3,2023
SUZUKI JAPAN,MMV,0,2023
SUZUKI MOTORCYCLE INDIA PVT LTD,MMV,0,2023
TATA ADVANCED SYSTEMS LTD,MMV,0,2023
TATA MOTORS LTD,MMV,10,2023
TATA MOTORS PASSENGER VEHICLES LTD,MMV,0,2023
TATA PASSENGER ELECTRIC MOBILITY LTD,MMV,0,2023
TOYOTA KIRLOSKAR MOTOR PVT LTD,MMV,73,2023
TVS MOTOR COMPANY LTD,MMV,0,2023
VE COMMERCIAL VEHICLES LTD,MMV,3,2023
VINTAGE VEHICLES,MMV,0,2023
VOLKSWAGEN AG,MMV,0,2023
VOLKSWAGEN INDIA PVT LTD,MMV,0,2023
VOLVO AUTO INDIA PVT LTD,MMV,0,2023
"""VOLVO GROUP INDIA PVT LTD""",MMV,0,2023
WILLYS INDIA LTD,MMV,0,2023
WUXI SAIGE (IMPORTER: WARIVO MOTOR),MMV,0,2023
A-1 SUREJA INDUSTRIES,HMV,0,2023
ADITYA ENTERPRISES,HMV,0,2023
AJAY ENGINEERING AND AGRICULTURAL EQUIPMENT CO.,HMV,0,2023
ASHOK LEYLAND LTD,HMV,1,2023
ASTON MARTIN LAGONDA LTD,HMV,0,2023
AUDI AG,HMV,0,2023
AUTOMOBILI LAMBORGHINI S.P.A,HMV,0,2023
BAJAJ AUTO LTD,HMV,0,2023
BENTLEY MOTORS LIMITED,HMV,0,2023
BMW INDIA PVT LTD,HMV,0,2023
BYD INDIA PRIVATE LIMITED,HMV,0,2023
CHEVROLET SALES INDIA PVT LTD,HMV,0,2023
CHRYSLER MOTORS PVT LTD,HMV,0,2023
CLASSIC LEGENDS PVT LTD,HMV,0,2023
DAIMLER AG,HMV,0,2023
DAIMLER INDIA COMMERCIAL VEHICLES PVT. LTD,HMV,0,2023
DODGE MOTORS,HMV,0,2023
FCA INDIA AUTOMOBILES PRIVATE LIMITED,HMV,0,2023
FERRARI INDIA PRIVATE LIMITED,HMV,0,2023
FERRARI SPA,HMV,0,2023
FERRARI SPA (IMPORTER:SELECT CARS P LTD),HMV,0,2023
FORCE MOTORS LIMITED,HMV,0,2023
FORD INDIA PVT LTD,HMV,0,2023
GAIA INTERNATIONAL (IMPORTER: NEW ENERGY WAGON),HMV,0,2023
GENERAL MOTORS INDIA PVT LTD,HMV,0,2023
HERO MOTOCORP LTD,HMV,0,2023
HINDUSTAN AGRO INDUSTRIES,HMV,0,2023
HINDUSTAN MOTOR CORPORATION,HMV,0,2023
HINDUSTAN MOTOR FINANCE CORPORATION LIMITED,HMV,0,2023
HONDA CARS INDIA LTD,HMV,0,2023
HONDA MOTORCYCLE AND SCOOTER INDIA (P) LTD,HMV,0,2023
HOUSTAN INNOVATION LLP,HMV,0,2023
HUNDAL INDUSTRIES,HMV,0,2023
HYUNDAI MOTOR INDIA LTD,HMV,0,2023
"HYUNDAI MOTORS LTD, SOUTH KOREA",HMV,0,2023
INDIA YAMAHA MOTOR PVT LTD,HMV,0,2023
INEOS AUTOMOTIVE LIMITED,HMV,0,2023
ISUZU MOTORS INDIA PVT LTD,HMV,0,2023
JAGUAR LAND ROVER INDIA LIMITED,HMV,0,2023
JSW MG MOTOR INDIA PVT LTD,HMV,0,2023
KIA INDIA PRIVATE LIMITED,HMV,0,2023
KIA MOTORS CORPN,HMV,0,2023
LEXUS MOTORS LTD,HMV,0,2023
LOCAL TRAILER MANUFACTURER,HMV,0,2023
"MADHUSUDAN ENG.WORKS,NIMAPADA",HMV,0,2023
MAHINDRA DEFENCE SYSTEMS LTD,HMV,0,2023
MAHINDRA ELECTRIC MOBILITY LIMITED,HMV,0,2023
MAHINDRA LAST MILE MOBILITY LTD,HMV,0,2023
MAHINDRA & MAHINDRA LIMITED,HMV,2,2023
MANDAL ENGINEERING WORKSHOP,HMV,0,2023
MARUTI INDUSTRIES,HMV,0,2023
MARUTI SUZUKI INDIA LTD,HMV,0,2023
MARUTI UDYOG LTD,HMV,0,2023
MASERATI S.P.A,HMV,0,2023
MCLAREN AUTOMOTIVE (IMPORTER: INFINITY CARS),HMV,0,2023
MERCEDES -BENZ AG,HMV,0,2023
MERCEDES-BENZ INDIA PVT LTD,HMV,0,2023
MITSUBISHI MOTORS CORPORATION,HMV,0,2023
"M/S AJAY ENGINEERING WORKS EQUIPMENTS PVT LTD ,SAMBALPUR",HMV,0,2023
NISSAN MOTOR INDIA PVT LTD,HMV,0,2023
OTHERS,HMV,0,2023
PCA AUTOMOBILES INDIA PVT LTD,HMV,0,2023
PORSCHE AG GERMANY,HMV,0,2023
RENAULT INDIA PVT LTD,HMV,0,2023
ROLLS ROYCE,HMV,0,2023
ROLLS-ROYCE MOTOR CARS(IMPORTER:SELECT CARS P LTD),HMV,0,2023
ROLLS ROYCE MOTOR (IMPORTER: KUN MOTOR),HMV,0,2023
ROYAL-ENFIELD (UNIT OF EICHER LTD),HMV,0,2023
SKODA AUTO AS,HMV,0,2023
SKODA AUTO INDIA PVT LTD,HMV,0,2023
SKODA AUTO VOLKSWAGEN INDIA PVT LTD,HMV,0,2023
SML ISUZU LTD,HMV,0,2023
SUZUKI JAPAN,HMV,0,2023
SUZUKI MOTORCYCLE INDIA PVT LTD,HMV,0,2023
TATA ADVANCED SYSTEMS LTD,HMV,0,2023
TATA MOTORS LTD,HMV,51,2023
TATA MOTORS PASSENGER VEHICLES LTD,HMV,0,2023
TATA PASSENGER ELECTRIC MOBILITY LTD,HMV,0,2023
TOYOTA KIRLOSKAR MOTOR PVT LTD,HMV,1,2023
TVS MOTOR COMPANY LTD,HMV,0,2023
VE COMMERCIAL VEHICLES LTD,HMV,5,2023
VINTAGE VEHICLES,HMV,0,2023
VOLKSWAGEN AG,HMV,0,2023
VOLKSWAGEN INDIA PVT LTD,HMV,0,2023
VOLVO AUTO INDIA PVT LTD,HMV,0,2023
"""VOLVO GROUP INDIA PVT LTD""",HMV,0,2023
WILLYS INDIA LTD,HMV,0,2023
WUXI SAIGE (IMPORTER: WARIVO MOTOR),HMV,0,2023
ASHOK LEYLAND LTD,4WIC,0,2024
ASTON MARTIN LAGONDA LTD,4WIC,0,2024
AUDI AG,4WIC,0,2024
AUTOMOBILI LAMBORGHINI S.P.A,4WIC,0,2024
BAJAJ AUTO LTD,4WIC,0,2024
BENTLEY MOTORS LIMITED,4WIC,0,2024
BMW INDIA PVT LTD,4WIC,3,2024
BYD AUTO,4WIC,0,2024
BYD INDIA PRIVATE LIMITED,4WIC,0,2024
CHEVROLET SALES INDIA PVT LTD,4WIC,0,2024
DAIMLER AG,4WIC,0,2024
DAIMLER INDIA COMMERCIAL VEHICLES PVT. LTD,4WIC,0,2024
DALIAN FORKLIFT CO.,4WIC,0,2024
DODGE MOTORS,4WIC,0,2024
FCA INDIA AUTOMOBILES PRIVATE LIMITED,4WIC,2,2024
FERRARI INDIA PRIVATE LIMITED,4WIC,0,2024
FERRARI SPA,4WIC,0,2024
FERRARI SPA (IMPORTER:NAVNIT MOTORS PVT LTD),4WIC,0,2024
FERRARI SPA (IMPORTER:SELECT CARS P LTD),4WIC,0,2024
FORCE MOTORS LIMITED,4WIC,0,2024
FORD INDIA PVT LTD,4WIC,0,2024
GENERAL MOTORS INDIA PVT LTD,4WIC,0,2024
HERO HONDA MOTORS  LTD,4WIC,0,2024
HERO MOTOCORP LTD,4WIC,1,2024
HINDUSTAN MOTOR CORPORATION,4WIC,0,2024
HINDUSTAN MOTOR FINANCE CORPORATION LIMITED,4WIC,0,2024
HONDA CARS INDIA LTD,4WIC,71,2024
HONDA MOTORCYCLE AND SCOOTER INDIA (P) LTD,4WIC,0,2024
HYUNDAI MOTOR INDIA LTD,4WIC,494,2024
"HYUNDAI MOTORS LTD, SOUTH KOREA",4WIC,0,2024
INDIA KAWASAKI MOTORS PVT LTD,4WIC,0,2024
INDIA YAMAHA MOTOR PVT LTD,4WIC,0,2024
ISUZU MOTORS INDIA PVT LTD,4WIC,0,2024
JAGUAR LAND ROVER INDIA LIMITED,4WIC,1,2024
JSW MG MOTOR INDIA PVT LTD,4WIC,16,2024
KAISER WILLYS JEEP,4WIC,0,2024
KIA INDIA PRIVATE LIMITED,4WIC,187,2024
KIRAN AGRO EQUIPMENTS,4WIC,0,2024
LAMBORGHINI,4WIC,0,2024
LEXUS MOTORS LTD,4WIC,0,2024
MAHINDRA DEFENCE SYSTEMS LTD,4WIC,0,2024
MAHINDRA LAST MILE MOBILITY LTD,4WIC,0,2024
MAHINDRA & MAHINDRA LIMITED,4WIC,182,2024
MAHINDRA & MAHINDRA LIMITED (TRACTOR),4WIC,0,2024
MARUTI BHIWANI E AUTOMOBILES,4WIC,0,2024
MARUTI INDUSTRIES,4WIC,0,2024
MARUTI SUZUKI INDIA LTD,4WIC,"1,370",2024
MARUTI UDYOG LTD,4WIC,0,2024
MASERATI S.P.A,4WIC,0,2024
MAURYA MOTORS PVT LTD,4WIC,0,2024
MCLAREN AUTOMOTIVE (IMPORTER: INFINITY CARS),4WIC,0,2024
MERCEDES -BENZ AG,4WIC,0,2024
MERCEDES-BENZ INDIA PVT LTD,4WIC,4,2024
MORRIS MOTORS LTD,4WIC,0,2024
"M/S PATEL & SONS ENGINEERING WORKS,SAMBALPUR",4WIC,0,2024
NISSAN MOTOR INDIA PVT LTD,4WIC,26,2024
OTHERS,4WIC,0,2024
PCA AUTOMOBILES INDIA PVT LTD,4WIC,1,2024
PIAGGIO VEHICLES PVT LTD,4WIC,0,2024
PORSCHE AG GERMANY,4WIC,0,2024
PRIYAM INDUSTRIES AND ENGINEERING PVT LTD,4WIC,3,2024
RENAULT INDIA PVT LTD,4WIC,72,2024
ROLLS ROYCE,4WIC,0,2024
ROLLS-ROYCE MOTOR CARS(IMPORTER:SELECT CARS P LTD),4WIC,0,2024
ROLLS ROYCE MOTOR (IMPORTER: KUN MOTOR),4WIC,0,2024
ROYAL-ENFIELD (UNIT OF EICHER LTD),4WIC,0,2024
SKODA AUTO AS,4WIC,0,2024
SKODA AUTO INDIA PVT LTD,4WIC,0,2024
SKODA AUTO VOLKSWAGEN INDIA PVT LTD,4WIC,44,2024
SML ISUZU LTD,4WIC,0,2024
SUZUKI MOTORCYCLE INDIA PVT LTD,4WIC,0,2024
SWARAJ AUTOMOTIVES LTD,4WIC,0,2024
TATA MOTORS LTD,4WIC,2,2024
TATA MOTORS PASSENGER VEHICLES LTD,4WIC,929,2024
TATA PASSENGER ELECTRIC MOBILITY LTD,4WIC,31,2024
TENAX INTERNATIONAL (IMPORTER: VERT EQUIPMENT),4WIC,0,2024
TORK MOTORS PVT LTD,4WIC,0,2024
TOYOTA HIACE GL COMMUTER,4WIC,0,2024
TOYOTA KIRLOSKAR MOTOR PVT LTD,4WIC,104,2024
TVS MOTOR COMPANY LTD,4WIC,3,2024
VE COMMERCIAL VEHICLES LTD,4WIC,0,2024
VINTAGE VEHICLES,4WIC,0,2024
VOLKSWAGEN AG,4WIC,0,2024
VOLKSWAGEN INDIA PVT LTD,4WIC,0,2024
VOLTAS LIMITED,4WIC,0,2024
VOLVO AUTO INDIA PVT LTD,4WIC,1,2024
"""VOLVO GROUP INDIA PVT LTD""",4WIC,0,2024
WILLYS INDIA LTD,4WIC,0,2024
XYZ1,4WIC,0,2024
ASHOK LEYLAND LTD,LMV,0,2024
ASTON MARTIN LAGONDA LTD,LMV,15,2024
AUDI AG,LMV,501,2024
AUTOMOBILI LAMBORGHINI S.P.A,LMV,96,2024
BAJAJ AUTO LTD,LMV,52,2024
BENTLEY MOTORS LIMITED,LMV,64,2024
BMW INDIA PVT LTD,LMV,"14,326",2024
BYD AUTO,LMV,2,2024
BYD INDIA PRIVATE LIMITED,LMV,"2,709",2024
CHEVROLET SALES INDIA PVT LTD,LMV,1,2024
DAIMLER AG,LMV,2,2024
DAIMLER INDIA COMMERCIAL VEHICLES PVT. LTD,LMV,1,2024
DALIAN FORKLIFT CO.,LMV,1,2024
DODGE MOTORS,LMV,3,2024
FCA INDIA AUTOMOBILES PRIVATE LIMITED,LMV,"4,595",2024
FERRARI INDIA PRIVATE LIMITED,LMV,7,2024
FERRARI SPA,LMV,10,2024
FERRARI SPA (IMPORTER:NAVNIT MOTORS PVT LTD),LMV,9,2024
FERRARI SPA (IMPORTER:SELECT CARS P LTD),LMV,8,2024
FORCE MOTORS LIMITED,LMV,"1,968",2024
FORD INDIA PVT LTD,LMV,20,2024
GENERAL MOTORS INDIA PVT LTD,LMV,4,2024
HERO HONDA MOTORS  LTD,LMV,1,2024
HERO MOTOCORP LTD,LMV,1,2024
HINDUSTAN MOTOR CORPORATION,LMV,2,2024
HINDUSTAN MOTOR FINANCE CORPORATION LIMITED,LMV,1,2024
HONDA CARS INDIA LTD,LMV,"66,859",2024
HONDA MOTORCYCLE AND SCOOTER INDIA (P) LTD,LMV,8,2024
HYUNDAI MOTOR INDIA LTD,LMV,"5,40,094",2024
"HYUNDAI MOTORS LTD, SOUTH KOREA",LMV,7,2024
INDIA KAWASAKI MOTORS PVT LTD,LMV,1,2024
INDIA YAMAHA MOTOR PVT LTD,LMV,11,2024
ISUZU MOTORS INDIA PVT LTD,LMV,529,2024
JAGUAR LAND ROVER INDIA LIMITED,LMV,"4,688",2024
JSW MG MOTOR INDIA PVT LTD,LMV,"51,952",2024
KAISER WILLYS JEEP,LMV,2,2024
KIA INDIA PRIVATE LIMITED,LMV,"2,32,926",2024
KIRAN AGRO EQUIPMENTS,LMV,1,2024
LAMBORGHINI,LMV,1,2024
LEXUS MOTORS LTD,LMV,5,2024
MAHINDRA DEFENCE SYSTEMS LTD,LMV,1,2024
MAHINDRA LAST MILE MOBILITY LTD,LMV,3,2024
MAHINDRA & MAHINDRA LIMITED,LMV,"4,68,437",2024
MAHINDRA & MAHINDRA LIMITED (TRACTOR),LMV,1,2024
MARUTI BHIWANI E AUTOMOBILES,LMV,1,2024
MARUTI INDUSTRIES,LMV,5,2024
MARUTI SUZUKI INDIA LTD,LMV,"14,25,786",2024
MARUTI UDYOG LTD,LMV,195,2024
MASERATI S.P.A,LMV,16,2024
MAURYA MOTORS PVT LTD,LMV,1,2024
MCLAREN AUTOMOTIVE (IMPORTER: INFINITY CARS),LMV,19,2024
MERCEDES -BENZ AG,LMV,"1,430",2024
MERCEDES-BENZ INDIA PVT LTD,LMV,"15,736",2024
MORRIS MOTORS LTD,LMV,1,2024
"M/S PATEL & SONS ENGINEERING WORKS,SAMBALPUR",LMV,1,2024
NISSAN MOTOR INDIA PVT LTD,LMV,"26,147",2024
OTHERS,LMV,433,2024
PCA AUTOMOBILES INDIA PVT LTD,LMV,"5,160",2024
PIAGGIO VEHICLES PVT LTD,LMV,4,2024
PORSCHE AG GERMANY,LMV,869,2024
PRIYAM INDUSTRIES AND ENGINEERING PVT LTD,LMV,0,2024
RENAULT INDIA PVT LTD,LMV,"39,981",2024
ROLLS ROYCE,LMV,3,2024
ROLLS-ROYCE MOTOR CARS(IMPORTER:SELECT CARS P LTD),LMV,26,2024
ROLLS ROYCE MOTOR (IMPORTER: KUN MOTOR),LMV,28,2024
ROYAL-ENFIELD (UNIT OF EICHER LTD),LMV,3,2024
SKODA AUTO AS,LMV,87,2024
SKODA AUTO INDIA PVT LTD,LMV,3,2024
SKODA AUTO VOLKSWAGEN INDIA PVT LTD,LMV,"79,211",2024
SML ISUZU LTD,LMV,87,2024
SUZUKI MOTORCYCLE INDIA PVT LTD,LMV,4,2024
SWARAJ AUTOMOTIVES LTD,LMV,1,2024
TATA MOTORS LTD,LMV,"1,698",2024
TATA MOTORS PASSENGER VEHICLES LTD,LMV,"4,64,631",2024
TATA PASSENGER ELECTRIC MOBILITY LTD,LMV,"55,165",2024
TENAX INTERNATIONAL (IMPORTER: VERT EQUIPMENT),LMV,1,2024
TORK MOTORS PVT LTD,LMV,1,2024
TOYOTA HIACE GL COMMUTER,LMV,2,2024
TOYOTA KIRLOSKAR MOTOR PVT LTD,LMV,"2,39,827",2024
TVS MOTOR COMPANY LTD,LMV,9,2024
VE COMMERCIAL VEHICLES LTD,LMV,78,2024
VINTAGE VEHICLES,LMV,28,2024
VOLKSWAGEN AG,LMV,1,2024
VOLKSWAGEN INDIA PVT LTD,LMV,3,2024
VOLTAS LIMITED,LMV,1,2024
VOLVO AUTO INDIA PVT LTD,LMV,"1,846",2024
"""VOLVO GROUP INDIA PVT LTD""",LMV,1,2024
WILLYS INDIA LTD,LMV,1,2024
XYZ1,LMV,2,2024
ASHOK LEYLAND LTD,MMV,2,2024
ASTON MARTIN LAGONDA LTD,MMV,0,2024
AUDI AG,MMV,0,2024
AUTOMOBILI LAMBORGHINI S.P.A,MMV,0,2024
BAJAJ AUTO LTD,MMV,0,2024
BENTLEY MOTORS LIMITED,MMV,0,2024
BMW INDIA PVT LTD,MMV,0,2024
BYD AUTO,MMV,0,2024
BYD INDIA PRIVATE LIMITED,MMV,0,2024
CHEVROLET SALES INDIA PVT LTD,MMV,0,2024
DAIMLER AG,MMV,0,2024
DAIMLER INDIA COMMERCIAL VEHICLES PVT. LTD,MMV,1,2024
DALIAN FORKLIFT CO.,MMV,0,2024
DODGE MOTORS,MMV,0,2024
FCA INDIA AUTOMOBILES PRIVATE LIMITED,MMV,0,2024
FERRARI INDIA PRIVATE LIMITED,MMV,0,2024
FERRARI SPA,MMV,0,2024
FERRARI SPA (IMPORTER:NAVNIT MOTORS PVT LTD),MMV,0,2024
FERRARI SPA (IMPORTER:SELECT CARS P LTD),MMV,0,2024
FORCE MOTORS LIMITED,MMV,12,2024
FORD INDIA PVT LTD,MMV,0,2024
GENERAL MOTORS INDIA PVT LTD,MMV,0,2024
HERO HONDA MOTORS  LTD,MMV,0,2024
HERO MOTOCORP LTD,MMV,0,2024
HINDUSTAN MOTOR CORPORATION,MMV,0,2024
HINDUSTAN MOTOR FINANCE CORPORATION LIMITED,MMV,0,2024
HONDA CARS INDIA LTD,MMV,0,2024
HONDA MOTORCYCLE AND SCOOTER INDIA (P) LTD,MMV,0,2024
HYUNDAI MOTOR INDIA LTD,MMV,0,2024
"HYUNDAI MOTORS LTD, SOUTH KOREA",MMV,0,2024
INDIA KAWASAKI MOTORS PVT LTD,MMV,0,2024
INDIA YAMAHA MOTOR PVT LTD,MMV,0,2024
ISUZU MOTORS INDIA PVT LTD,MMV,0,2024
JAGUAR LAND ROVER INDIA LIMITED,MMV,0,2024
JSW MG MOTOR INDIA PVT LTD,MMV,0,2024
KAISER WILLYS JEEP,MMV,0,2024
KIA INDIA PRIVATE LIMITED,MMV,0,2024
KIRAN AGRO EQUIPMENTS,MMV,0,2024
LAMBORGHINI,MMV,0,2024
LEXUS MOTORS LTD,MMV,0,2024
MAHINDRA DEFENCE SYSTEMS LTD,MMV,0,2024
MAHINDRA LAST MILE MOBILITY LTD,MMV,0,2024
MAHINDRA & MAHINDRA LIMITED,MMV,1,2024
MAHINDRA & MAHINDRA LIMITED (TRACTOR),MMV,0,2024
MARUTI BHIWANI E AUTOMOBILES,MMV,0,2024
MARUTI INDUSTRIES,MMV,0,2024
MARUTI SUZUKI INDIA LTD,MMV,0,2024
MARUTI UDYOG LTD,MMV,0,2024
MASERATI S.P.A,MMV,0,2024
MAURYA MOTORS PVT LTD,MMV,0,2024
MCLAREN AUTOMOTIVE (IMPORTER: INFINITY CARS),MMV,0,2024
MERCEDES -BENZ AG,MMV,0,2024
MERCEDES-BENZ INDIA PVT LTD,MMV,0,2024
MORRIS MOTORS LTD,MMV,0,2024
"M/S PATEL & SONS ENGINEERING WORKS,SAMBALPUR",MMV,0,2024
NISSAN MOTOR INDIA PVT LTD,MMV,0,2024
OTHERS,MMV,0,2024
PCA AUTOMOBILES INDIA PVT LTD,MMV,0,2024
PIAGGIO VEHICLES PVT LTD,MMV,0,2024
PORSCHE AG GERMANY,MMV,0,2024
PRIYAM INDUSTRIES AND ENGINEERING PVT LTD,MMV,0,2024
RENAULT INDIA PVT LTD,MMV,0,2024
ROLLS ROYCE,MMV,0,2024
ROLLS-ROYCE MOTOR CARS(IMPORTER:SELECT CARS P LTD),MMV,0,2024
ROLLS ROYCE MOTOR (IMPORTER: KUN MOTOR),MMV,0,2024
ROYAL-ENFIELD (UNIT OF EICHER LTD),MMV,0,2024
SKODA AUTO AS,MMV,0,2024
SKODA AUTO INDIA PVT LTD,MMV,0,2024
SKODA AUTO VOLKSWAGEN INDIA PVT LTD,MMV,0,2024
SML ISUZU LTD,MMV,12,2024
SUZUKI MOTORCYCLE INDIA PVT LTD,MMV,0,2024
SWARAJ AUTOMOTIVES LTD,MMV,0,2024
TATA MOTORS LTD,MMV,7,2024
TATA MOTORS PASSENGER VEHICLES LTD,MMV,0,2024
TATA PASSENGER ELECTRIC MOBILITY LTD,MMV,0,2024
TENAX INTERNATIONAL (IMPORTER: VERT EQUIPMENT),MMV,0,2024
TORK MOTORS PVT LTD,MMV,0,2024
TOYOTA HIACE GL COMMUTER,MMV,0,2024
TOYOTA KIRLOSKAR MOTOR PVT LTD,MMV,4,2024
TVS MOTOR COMPANY LTD,MMV,0,2024
VE COMMERCIAL VEHICLES LTD,MMV,11,2024
VINTAGE VEHICLES,MMV,0,2024
VOLKSWAGEN AG,MMV,0,2024
VOLKSWAGEN INDIA PVT LTD,MMV,0,2024
VOLTAS LIMITED,MMV,0,2024
VOLVO AUTO INDIA PVT LTD,MMV,0,2024
"""VOLVO GROUP INDIA PVT LTD""",MMV,0,2024
WILLYS INDIA LTD,MMV,0,2024
XYZ1,MMV,0,2024
ASHOK LEYLAND LTD,HMV,1,2024
ASTON MARTIN LAGONDA LTD,HMV,0,2024
AUDI AG,HMV,0,2024
AUTOMOBILI LAMBORGHINI S.P.A,HMV,0,2024
BAJAJ AUTO LTD,HMV,0,2024
BENTLEY MOTORS LIMITED,HMV,0,2024
BMW INDIA PVT LTD,HMV,0,2024
BYD AUTO,HMV,0,2024
BYD INDIA PRIVATE LIMITED,HMV,0,2024
CHEVROLET SALES INDIA PVT LTD,HMV,0,2024
DAIMLER AG,HMV,0,2024
DAIMLER INDIA COMMERCIAL VEHICLES PVT. LTD,HMV,0,2024
DALIAN FORKLIFT CO.,HMV,0,2024
DODGE MOTORS,HMV,0,2024
FCA INDIA AUTOMOBILES PRIVATE LIMITED,HMV,0,2024
FERRARI INDIA PRIVATE LIMITED,HMV,0,2024
FERRARI SPA,HMV,0,2024
FERRARI SPA (IMPORTER:NAVNIT MOTORS PVT LTD),HMV,0,2024
FERRARI SPA (IMPORTER:SELECT CARS P LTD),HMV,0,2024
FORCE MOTORS LIMITED,HMV,0,2024
FORD INDIA PVT LTD,HMV,0,2024
GENERAL MOTORS INDIA PVT LTD,HMV,0,2024
HERO HONDA MOTORS  LTD,HMV,0,2024
HERO MOTOCORP LTD,HMV,0,2024
HINDUSTAN MOTOR CORPORATION,HMV,0,2024
HINDUSTAN MOTOR FINANCE CORPORATION LIMITED,HMV,0,2024
HONDA CARS INDIA LTD,HMV,0,2024
HONDA MOTORCYCLE AND SCOOTER INDIA (P) LTD,HMV,0,2024
HYUNDAI MOTOR INDIA LTD,HMV,0,2024
"HYUNDAI MOTORS LTD, SOUTH KOREA",HMV,0,2024
INDIA KAWASAKI MOTORS PVT LTD,HMV,0,2024
INDIA YAMAHA MOTOR PVT LTD,HMV,0,2024
ISUZU MOTORS INDIA PVT LTD,HMV,0,2024
JAGUAR LAND ROVER INDIA LIMITED,HMV,0,2024
JSW MG MOTOR INDIA PVT LTD,HMV,0,2024
KAISER WILLYS JEEP,HMV,0,2024
KIA INDIA PRIVATE LIMITED,HMV,0,2024
KIRAN AGRO EQUIPMENTS,HMV,0,2024
LAMBORGHINI,HMV,0,2024
LEXUS MOTORS LTD,HMV,0,2024
MAHINDRA DEFENCE SYSTEMS LTD,HMV,0,2024
MAHINDRA LAST MILE MOBILITY LTD,HMV,0,2024
MAHINDRA & MAHINDRA LIMITED,HMV,2,2024
MAHINDRA & MAHINDRA LIMITED (TRACTOR),HMV,0,2024
MARUTI BHIWANI E AUTOMOBILES,HMV,0,2024
MARUTI INDUSTRIES,HMV,0,2024
MARUTI SUZUKI INDIA LTD,HMV,0,2024
MARUTI UDYOG LTD,HMV,0,2024
MASERATI S.P.A,HMV,0,2024
MAURYA MOTORS PVT LTD,HMV,0,2024
MCLAREN AUTOMOTIVE (IMPORTER: INFINITY CARS),HMV,0,2024
MERCEDES -BENZ AG,HMV,0,2024
MERCEDES-BENZ INDIA PVT LTD,HMV,0,2024
MORRIS MOTORS LTD,HMV,0,2024
"M/S PATEL & SONS ENGINEERING WORKS,SAMBALPUR",HMV,0,2024
NISSAN MOTOR INDIA PVT LTD,HMV,0,2024
OTHERS,HMV,0,2024
PCA AUTOMOBILES INDIA PVT LTD,HMV,0,2024
PIAGGIO VEHICLES PVT LTD,HMV,0,2024
PORSCHE AG GERMANY,HMV,0,2024
PRIYAM INDUSTRIES AND ENGINEERING PVT LTD,HMV,0,2024
RENAULT INDIA PVT LTD,HMV,0,2024
ROLLS ROYCE,HMV,0,2024
ROLLS-ROYCE MOTOR CARS(IMPORTER:SELECT CARS P LTD),HMV,0,2024
ROLLS ROYCE MOTOR (IMPORTER: KUN MOTOR),HMV,0,2024
ROYAL-ENFIELD (UNIT OF EICHER LTD),HMV,0,2024
SKODA AUTO AS,HMV,0,2024
SKODA AUTO INDIA PVT LTD,HMV,0,2024
SKODA AUTO VOLKSWAGEN INDIA PVT LTD,HMV,0,2024
SML ISUZU LTD,HMV,0,2024
SUZUKI MOTORCYCLE INDIA PVT LTD,HMV,0,2024
SWARAJ AUTOMOTIVES LTD,HMV,0,2024
TATA MOTORS LTD,HMV,5,2024
TATA MOTORS PASSENGER VEHICLES LTD,HMV,0,2024
TATA PASSENGER ELECTRIC MOBILITY LTD,HMV,0,2024
TENAX INTERNATIONAL (IMPORTER: VERT EQUIPMENT),HMV,0,2024
TORK MOTORS PVT LTD,HMV,0,2024
TOYOTA HIACE GL COMMUTER,HMV,0,2024
TOYOTA KIRLOSKAR MOTOR PVT LTD,HMV,0,2024
TVS MOTOR COMPANY LTD,HMV,0,2024
VE COMMERCIAL VEHICLES LTD,HMV,0,2024
VINTAGE VEHICLES,HMV,0,2024
VOLKSWAGEN AG,HMV,0,2024
VOLKSWAGEN INDIA PVT LTD,HMV,0,2024
VOLTAS LIMITED,HMV,0,2024
VOLVO AUTO INDIA PVT LTD,HMV,0,2024
"""VOLVO GROUP INDIA PVT LTD""",HMV,0,2024
WILLYS INDIA LTD,HMV,0,2024
XYZ1,HMV,0,2024
AJAY AGRO ENTERPRISES SAMBALPUR PARDHIAPALI,4WIC,0,2025
AJAY ENGINEERING AND AGRICULTURAL EQUIPMENT CO.,4WIC,0,2025
ASHOK LEYLAND LTD,4WIC,0,2025
ASTON MARTIN LAGONDA LTD,4WIC,0,2025
AUDI AG,4WIC,0,2025
AUTOMOBILI LAMBORGHINI S.P.A,4WIC,0,2025
BAJAJ AUTO LTD,4WIC,0,2025
BENTLEY MOTORS LIMITED,4WIC,0,2025
BMW INDIA PVT LTD,4WIC,2,2025
BYD INDIA PRIVATE LIMITED,4WIC,0,2025
DAIMLER AG,4WIC,0,2025
DAIMLER INDIA COMMERCIAL VEHICLES PVT. LTD,4WIC,0,2025
EARTH MOBILITY,4WIC,0,2025
FCA INDIA AUTOMOBILES PRIVATE LIMITED,4WIC,2,2025
FERRARI SPA (IMPORTER:NAVNIT MOTORS PVT LTD),4WIC,0,2025
FERRARI SPA (IMPORTER:SELECT CARS P LTD),4WIC,0,2025
FORCE MOTORS LIMITED,4WIC,1,2025
FORD INDIA PVT LTD,4WIC,0,2025
GENERAL MOTORS INDIA PVT LTD,4WIC,0,2025
G. M. VEHICLE INDUSTRIES,4WIC,0,2025
HAMM AG,4WIC,0,2025
HERO MOTOCORP LTD,4WIC,1,2025
HINDUSTAN MOTORS LTD,4WIC,0,2025
HONDA CARS INDIA LTD,4WIC,30,2025
HONDA MOTORCYCLE AND SCOOTER INDIA (P) LTD,4WIC,3,2025
HSU DRAGON (IMPORTER: HUMAN CENTERED),4WIC,0,2025
HYUNDAI MOTOR INDIA LTD,4WIC,270,2025
"HYUNDAI MOTORS LTD, SOUTH KOREA",4WIC,0,2025
INDIA YAMAHA MOTOR PVT LTD,4WIC,0,2025
ISUZU MOTORS INDIA PVT LTD,4WIC,0,2025
JAGUAR LAND ROVER INDIA LIMITED,4WIC,0,2025
JAGUAR LAND ROVER LIMITED UK,4WIC,0,2025
JCB INDIA LIMITED,4WIC,0,2025
JEEP CHEROKEE,4WIC,0,2025
JSW MG MOTOR INDIA PVT LTD,4WIC,12,2025
KAISER WILLYS JEEP,4WIC,0,2025
KIA INDIA PRIVATE LIMITED,4WIC,100,2025
LEXUS MOTORS LTD,4WIC,0,2025
LOTUS CARS LTD (IMPORTER: EXCLUSIVE MOTORS P LTD),4WIC,0,2025
MAHINDRA DEFENCE SYSTEMS LTD,4WIC,0,2025
MAHINDRA ELECTRIC AUTOMOBILE LTD,4WIC,1,2025
MAHINDRA & MAHINDRA LIMITED,4WIC,122,2025
MARUTI INDUSTRIES,4WIC,0,2025
MARUTI SUZUKI INDIA LTD,4WIC,735,2025
MARUTI UDYOG LTD,4WIC,0,2025
MASERATI S.P.A,4WIC,0,2025
MCLAREN AUTOMOTIVE (IMPORTER: INFINITY CARS),4WIC,0,2025
MERCEDES BENZ,4WIC,0,2025
MERCEDES -BENZ AG,4WIC,0,2025
MERCEDES-BENZ INDIA PVT LTD,4WIC,1,2025
MITSUBISHI MOTORS CORPORATION,4WIC,0,2025
MODERN INDUSTRIES,4WIC,0,2025
MORGAN MOTOR COMPANY (IMPORTER: REGALIA LUXURY),4WIC,0,2025
M/S GENERAL MOTORS LLC,4WIC,0,2025
NEW HOLLAND FIAT INDIA PVT. LTD.,4WIC,0,2025
NISSAN MOTOR INDIA PVT LTD,4WIC,27,2025
PCA AUTOMOBILES INDIA PVT LTD,4WIC,3,2025
PIAGGIO VEHICLES PVT LTD,4WIC,0,2025
PORSCHE AG GERMANY,4WIC,0,2025
RENAULT INDIA PVT LTD,4WIC,30,2025
RICHFORD ALLIANZ PVT LTD,4WIC,0,2025
ROLLS-ROYCE MOTOR CARS(IMPORTER:SELECT CARS P LTD),4WIC,0,2025
ROLLS ROYCE MOTOR (IMPORTER: KUN MOTOR),4WIC,0,2025
ROYAL-ENFIELD (UNIT OF EICHER LTD),4WIC,0,2025
SKODA AUTO AS,4WIC,0,2025
SKODA AUTO INDIA PVT LTD,4WIC,0,2025
SKODA AUTO VOLKSWAGEN INDIA PVT LTD,4WIC,27,2025
SML ISUZU LTD,4WIC,0,2025
SUZUKI MOTORCYCLE INDIA PVT LTD,4WIC,0,2025
TATA MOTORS LTD,4WIC,1,2025
TATA MOTORS PASSENGER VEHICLES LTD,4WIC,507,2025
TATA PASSENGER ELECTRIC MOBILITY LTD,4WIC,18,2025
TOYOTA HIACE GL COMMUTER,4WIC,0,2025
TOYOTA KIRLOSKAR MOTOR PVT LTD,4WIC,65,2025
TVS MOTOR COMPANY LTD,4WIC,2,2025
VE COMMERCIAL VEHICLES LTD,4WIC,0,2025
VINTAGE VEHICLES,4WIC,0,2025
VOLKSWAGEN AG,4WIC,0,2025
VOLKSWAGEN INDIA PVT LTD,4WIC,0,2025
VOLVO AUTO INDIA PVT LTD,4WIC,0,2025
WILLYS INDIA LTD,4WIC,0,2025
WUHAN LOTUS (IMPORTER: EXCLUSIVE MOTORS PVT LTD),4WIC,0,2025
XYZ1,4WIC,0,2025
AJAY AGRO ENTERPRISES SAMBALPUR PARDHIAPALI,LMV,1,2025
AJAY ENGINEERING AND AGRICULTURAL EQUIPMENT CO.,LMV,5,2025
ASHOK LEYLAND LTD,LMV,45,2025
ASTON MARTIN LAGONDA LTD,LMV,6,2025
AUDI AG,LMV,178,2025
AUTOMOBILI LAMBORGHINI S.P.A,LMV,87,2025
BAJAJ AUTO LTD,LMV,9,2025
BENTLEY MOTORS LIMITED,LMV,21,2025
BMW INDIA PVT LTD,LMV,"9,692",2025
BYD INDIA PRIVATE LIMITED,LMV,"2,949",2025
DAIMLER AG,LMV,1,2025
DAIMLER INDIA COMMERCIAL VEHICLES PVT. LTD,LMV,0,2025
EARTH MOBILITY,LMV,1,2025
FCA INDIA AUTOMOBILES PRIVATE LIMITED,LMV,"2,297",2025
FERRARI SPA (IMPORTER:NAVNIT MOTORS PVT LTD),LMV,11,2025
FERRARI SPA (IMPORTER:SELECT CARS P LTD),LMV,11,2025
FORCE MOTORS LIMITED,LMV,"1,362",2025
FORD INDIA PVT LTD,LMV,14,2025
GENERAL MOTORS INDIA PVT LTD,LMV,3,2025
G. M. VEHICLE INDUSTRIES,LMV,1,2025
HAMM AG,LMV,1,2025
HERO MOTOCORP LTD,LMV,1,2025
HINDUSTAN MOTORS LTD,LMV,5,2025
HONDA CARS INDIA LTD,LMV,"35,646",2025
HONDA MOTORCYCLE AND SCOOTER INDIA (P) LTD,LMV,2,2025
HSU DRAGON (IMPORTER: HUMAN CENTERED),LMV,1,2025
HYUNDAI MOTOR INDIA LTD,LMV,"3,03,255",2025
"HYUNDAI MOTORS LTD, SOUTH KOREA",LMV,6,2025
INDIA YAMAHA MOTOR PVT LTD,LMV,1,2025
ISUZU MOTORS INDIA PVT LTD,LMV,245,2025
JAGUAR LAND ROVER INDIA LIMITED,LMV,"3,552",2025
JAGUAR LAND ROVER LIMITED UK,LMV,4,2025
JCB INDIA LIMITED,LMV,1,2025
JEEP CHEROKEE,LMV,1,2025
JSW MG MOTOR INDIA PVT LTD,LMV,"39,701",2025
KAISER WILLYS JEEP,LMV,1,2025
KIA INDIA PRIVATE LIMITED,LMV,"1,44,629",2025
LEXUS MOTORS LTD,LMV,3,2025
LOTUS CARS LTD (IMPORTER: EXCLUSIVE MOTORS P LTD),LMV,2,2025
MAHINDRA DEFENCE SYSTEMS LTD,LMV,7,2025
MAHINDRA ELECTRIC AUTOMOBILE LTD,LMV,"13,762",2025
MAHINDRA & MAHINDRA LIMITED,LMV,"3,08,839",2025
MARUTI INDUSTRIES,LMV,2,2025
MARUTI SUZUKI INDIA LTD,LMV,"8,73,111",2025
MARUTI UDYOG LTD,LMV,116,2025
MASERATI S.P.A,LMV,19,2025
MCLAREN AUTOMOTIVE (IMPORTER: INFINITY CARS),LMV,7,2025
MERCEDES BENZ,LMV,4,2025
MERCEDES -BENZ AG,LMV,833,2025
MERCEDES-BENZ INDIA PVT LTD,LMV,"9,783",2025
MITSUBISHI MOTORS CORPORATION,LMV,2,2025
MODERN INDUSTRIES,LMV,1,2025
MORGAN MOTOR COMPANY (IMPORTER: REGALIA LUXURY),LMV,1,2025
M/S GENERAL MOTORS LLC,LMV,1,2025
NEW HOLLAND FIAT INDIA PVT. LTD.,LMV,2,2025
NISSAN MOTOR INDIA PVT LTD,LMV,"12,927",2025
PCA AUTOMOBILES INDIA PVT LTD,LMV,"2,775",2025
PIAGGIO VEHICLES PVT LTD,LMV,2,2025
PORSCHE AG GERMANY,LMV,463,2025
RENAULT INDIA PVT LTD,LMV,"19,334",2025
RICHFORD ALLIANZ PVT LTD,LMV,1,2025
ROLLS-ROYCE MOTOR CARS(IMPORTER:SELECT CARS P LTD),LMV,37,2025
ROLLS ROYCE MOTOR (IMPORTER: KUN MOTOR),LMV,27,2025
ROYAL-ENFIELD (UNIT OF EICHER LTD),LMV,5,2025
SKODA AUTO AS,LMV,16,2025
SKODA AUTO INDIA PVT LTD,LMV,1,2025
SKODA AUTO VOLKSWAGEN INDIA PVT LTD,LMV,"62,559",2025
SML ISUZU LTD,LMV,107,2025
SUZUKI MOTORCYCLE INDIA PVT LTD,LMV,2,2025
TATA MOTORS LTD,LMV,"1,006",2025
TATA MOTORS PASSENGER VEHICLES LTD,LMV,"2,65,242",2025
TATA PASSENGER ELECTRIC MOBILITY LTD,LMV,"33,190",2025
TOYOTA HIACE GL COMMUTER,LMV,5,2025
TOYOTA KIRLOSKAR MOTOR PVT LTD,LMV,"1,68,283",2025
TVS MOTOR COMPANY LTD,LMV,2,2025
VE COMMERCIAL VEHICLES LTD,LMV,124,2025
VINTAGE VEHICLES,LMV,12,2025
VOLKSWAGEN AG,LMV,122,2025
VOLKSWAGEN INDIA PVT LTD,LMV,7,2025
VOLVO AUTO INDIA PVT LTD,LMV,937,2025
WILLYS INDIA LTD,LMV,8,2025
WUHAN LOTUS (IMPORTER: EXCLUSIVE MOTORS PVT LTD),LMV,2,2025
XYZ1,LMV,3,2025
AJAY AGRO ENTERPRISES SAMBALPUR PARDHIAPALI,MMV,0,2025
AJAY ENGINEERING AND AGRICULTURAL EQUIPMENT CO.,MMV,0,2025
ASHOK LEYLAND LTD,MMV,11,2025
ASTON MARTIN LAGONDA LTD,MMV,0,2025
AUDI AG,MMV,0,2025
AUTOMOBILI LAMBORGHINI S.P.A,MMV,0,2025
BAJAJ AUTO LTD,MMV,0,2025
BENTLEY MOTORS LIMITED,MMV,0,2025
BMW INDIA PVT LTD,MMV,0,2025
BYD INDIA PRIVATE LIMITED,MMV,0,2025
DAIMLER AG,MMV,0,2025
DAIMLER INDIA COMMERCIAL VEHICLES PVT. LTD,MMV,2,2025
EARTH MOBILITY,MMV,0,2025
FCA INDIA AUTOMOBILES PRIVATE LIMITED,MMV,0,2025
FERRARI SPA (IMPORTER:NAVNIT MOTORS PVT LTD),MMV,0,2025
FERRARI SPA (IMPORTER:SELECT CARS P LTD),MMV,0,2025
FORCE MOTORS LIMITED,MMV,6,2025
FORD INDIA PVT LTD,MMV,0,2025
GENERAL MOTORS INDIA PVT LTD,MMV,0,2025
G. M. VEHICLE INDUSTRIES,MMV,0,2025
HAMM AG,MMV,0,2025
HERO MOTOCORP LTD,MMV,0,2025
HINDUSTAN MOTORS LTD,MMV,0,2025
HONDA CARS INDIA LTD,MMV,0,2025
HONDA MOTORCYCLE AND SCOOTER INDIA (P) LTD,MMV,0,2025
HSU DRAGON (IMPORTER: HUMAN CENTERED),MMV,0,2025
HYUNDAI MOTOR INDIA LTD,MMV,0,2025
"HYUNDAI MOTORS LTD, SOUTH KOREA",MMV,0,2025
INDIA YAMAHA MOTOR PVT LTD,MMV,0,2025
ISUZU MOTORS INDIA PVT LTD,MMV,0,2025
JAGUAR LAND ROVER INDIA LIMITED,MMV,0,2025
JAGUAR LAND ROVER LIMITED UK,MMV,0,2025
JCB INDIA LIMITED,MMV,0,2025
JEEP CHEROKEE,MMV,0,2025
JSW MG MOTOR INDIA PVT LTD,MMV,0,2025
KAISER WILLYS JEEP,MMV,0,2025
KIA INDIA PRIVATE LIMITED,MMV,0,2025
LEXUS MOTORS LTD,MMV,0,2025
LOTUS CARS LTD (IMPORTER: EXCLUSIVE MOTORS P LTD),MMV,0,2025
MAHINDRA DEFENCE SYSTEMS LTD,MMV,0,2025
MAHINDRA ELECTRIC AUTOMOBILE LTD,MMV,0,2025
MAHINDRA & MAHINDRA LIMITED,MMV,0,2025
MARUTI INDUSTRIES,MMV,0,2025
MARUTI SUZUKI INDIA LTD,MMV,0,2025
MARUTI UDYOG LTD,MMV,0,2025
MASERATI S.P.A,MMV,0,2025
MCLAREN AUTOMOTIVE (IMPORTER: INFINITY CARS),MMV,0,2025
MERCEDES BENZ,MMV,0,2025
MERCEDES -BENZ AG,MMV,0,2025
MERCEDES-BENZ INDIA PVT LTD,MMV,0,2025
MITSUBISHI MOTORS CORPORATION,MMV,0,2025
MODERN INDUSTRIES,MMV,0,2025
MORGAN MOTOR COMPANY (IMPORTER: REGALIA LUXURY),MMV,0,2025
M/S GENERAL MOTORS LLC,MMV,0,2025
NEW HOLLAND FIAT INDIA PVT. LTD.,MMV,0,2025
NISSAN MOTOR INDIA PVT LTD,MMV,0,2025
PCA AUTOMOBILES INDIA PVT LTD,MMV,0,2025
PIAGGIO VEHICLES PVT LTD,MMV,0,2025
PORSCHE AG GERMANY,MMV,0,2025
RENAULT INDIA PVT LTD,MMV,0,2025
RICHFORD ALLIANZ PVT LTD,MMV,0,2025
ROLLS-ROYCE MOTOR CARS(IMPORTER:SELECT CARS P LTD),MMV,0,2025
ROLLS ROYCE MOTOR (IMPORTER: KUN MOTOR),MMV,0,2025
ROYAL-ENFIELD (UNIT OF EICHER LTD),MMV,0,2025
SKODA AUTO AS,MMV,0,2025
SKODA AUTO INDIA PVT LTD,MMV,0,2025
SKODA AUTO VOLKSWAGEN INDIA PVT LTD,MMV,0,2025
SML ISUZU LTD,MMV,5,2025
SUZUKI MOTORCYCLE INDIA PVT LTD,MMV,0,2025
TATA MOTORS LTD,MMV,11,2025
TATA MOTORS PASSENGER VEHICLES LTD,MMV,0,2025
TATA PASSENGER ELECTRIC MOBILITY LTD,MMV,0,2025
TOYOTA HIACE GL COMMUTER,MMV,0,2025
TOYOTA KIRLOSKAR MOTOR PVT LTD,MMV,0,2025
TVS MOTOR COMPANY LTD,MMV,0,2025
VE COMMERCIAL VEHICLES LTD,MMV,30,2025
VINTAGE VEHICLES,MMV,0,2025
VOLKSWAGEN AG,MMV,0,2025
VOLKSWAGEN INDIA PVT LTD,MMV,0,2025
VOLVO AUTO INDIA PVT LTD,MMV,0,2025
WILLYS INDIA LTD,MMV,0,2025
WUHAN LOTUS (IMPORTER: EXCLUSIVE MOTORS PVT LTD),MMV,0,2025
XYZ1,MMV,0,2025
AJAY AGRO ENTERPRISES SAMBALPUR PARDHIAPALI,HMV,0,2025
AJAY ENGINEERING AND AGRICULTURAL EQUIPMENT CO.,HMV,0,2025
ASHOK LEYLAND LTD,HMV,0,2025
ASTON MARTIN LAGONDA LTD,HMV,0,2025
AUDI AG,HMV,0,2025
AUTOMOBILI LAMBORGHINI S.P.A,HMV,0,2025
BAJAJ AUTO LTD,HMV,0,2025
BENTLEY MOTORS LIMITED,HMV,0,2025
BMW INDIA PVT LTD,HMV,0,2025
BYD INDIA PRIVATE LIMITED,HMV,0,2025
DAIMLER AG,HMV,0,2025
DAIMLER INDIA COMMERCIAL VEHICLES PVT. LTD,HMV,0,2025
EARTH MOBILITY,HMV,0,2025
FCA INDIA AUTOMOBILES PRIVATE LIMITED,HMV,0,2025
FERRARI SPA (IMPORTER:NAVNIT MOTORS PVT LTD),HMV,0,2025
FERRARI SPA (IMPORTER:SELECT CARS P LTD),HMV,0,2025
FORCE MOTORS LIMITED,HMV,3,2025
FORD INDIA PVT LTD,HMV,0,2025
GENERAL MOTORS INDIA PVT LTD,HMV,0,2025
G. M. VEHICLE INDUSTRIES,HMV,0,2025
HAMM AG,HMV,0,2025
HERO MOTOCORP LTD,HMV,0,2025
HINDUSTAN MOTORS LTD,HMV,0,2025
HONDA CARS INDIA LTD,HMV,0,2025
HONDA MOTORCYCLE AND SCOOTER INDIA (P) LTD,HMV,0,2025
HSU DRAGON (IMPORTER: HUMAN CENTERED),HMV,0,2025
HYUNDAI MOTOR INDIA LTD,HMV,0,2025
"HYUNDAI MOTORS LTD, SOUTH KOREA",HMV,0,2025
INDIA YAMAHA MOTOR PVT LTD,HMV,0,2025
ISUZU MOTORS INDIA PVT LTD,HMV,0,2025
JAGUAR LAND ROVER INDIA LIMITED,HMV,0,2025
JAGUAR LAND ROVER LIMITED UK,HMV,0,2025
JCB INDIA LIMITED,HMV,0,2025
JEEP CHEROKEE,HMV,0,2025
JSW MG MOTOR INDIA PVT LTD,HMV,0,2025
KAISER WILLYS JEEP,HMV,0,2025
KIA INDIA PRIVATE LIMITED,HMV,0,2025
LEXUS MOTORS LTD,HMV,0,2025
LOTUS CARS LTD (IMPORTER: EXCLUSIVE MOTORS P LTD),HMV,0,2025
MAHINDRA DEFENCE SYSTEMS LTD,HMV,0,2025
MAHINDRA ELECTRIC AUTOMOBILE LTD,HMV,0,2025
MAHINDRA & MAHINDRA LIMITED,HMV,1,2025
MARUTI INDUSTRIES,HMV,0,2025
MARUTI SUZUKI INDIA LTD,HMV,0,2025
MARUTI UDYOG LTD,HMV,0,2025
MASERATI S.P.A,HMV,0,2025
MCLAREN AUTOMOTIVE (IMPORTER: INFINITY CARS),HMV,0,2025
MERCEDES BENZ,HMV,0,2025
MERCEDES -BENZ AG,HMV,0,2025
MERCEDES-BENZ INDIA PVT LTD,HMV,0,2025
MITSUBISHI MOTORS CORPORATION,HMV,0,2025
MODERN INDUSTRIES,HMV,0,2025
MORGAN MOTOR COMPANY (IMPORTER: REGALIA LUXURY),HMV,0,2025
M/S GENERAL MOTORS LLC,HMV,0,2025
NEW HOLLAND FIAT INDIA PVT. LTD.,HMV,0,2025
NISSAN MOTOR INDIA PVT LTD,HMV,0,2025
PCA AUTOMOBILES INDIA PVT LTD,HMV,0,2025
PIAGGIO VEHICLES PVT LTD,HMV,0,2025
PORSCHE AG GERMANY,HMV,0,2025
RENAULT INDIA PVT LTD,HMV,0,2025
RICHFORD ALLIANZ PVT LTD,HMV,0,2025
ROLLS-ROYCE MOTOR CARS(IMPORTER:SELECT CARS P LTD),HMV,0,2025
ROLLS ROYCE MOTOR (IMPORTER: KUN MOTOR),HMV,0,2025
ROYAL-ENFIELD (UNIT OF EICHER LTD),HMV,0,2025
SKODA AUTO AS,HMV,0,2025
SKODA AUTO INDIA PVT LTD,HMV,0,2025
SKODA AUTO VOLKSWAGEN INDIA PVT LTD,HMV,0,2025
SML ISUZU LTD,HMV,0,2025
SUZUKI MOTORCYCLE INDIA PVT LTD,HMV,0,2025
TATA MOTORS LTD,HMV,47,2025
TATA MOTORS PASSENGER VEHICLES LTD,HMV,0,2025
TATA PASSENGER ELECTRIC MOBILITY LTD,HMV,0,2025
TOYOTA HIACE GL COMMUTER,HMV,0,2025
TOYOTA KIRLOSKAR MOTOR PVT LTD,HMV,0,2025
TVS MOTOR COMPANY LTD,HMV,0,2025
VE COMMERCIAL VEHICLES LTD,HMV,2,2025
VINTAGE VEHICLES,HMV,0,2025
VOLKSWAGEN AG,HMV,0,2025
VOLKSWAGEN INDIA PVT LTD,HMV,0,2025
VOLVO AUTO INDIA PVT LTD,HMV,0,2025
WILLYS INDIA LTD,HMV,0,2025
WUHAN LOTUS (IMPORTER: EXCLUSIVE MOTORS PVT LTD),HMV,0,2025
XYZ1,HMV,0,2025
